中国・唐の時代にペルシャの司祭アラホンによって伝えられたキリスト教のネストリウス派のことを、中国語で「光の宗教」という意味の言葉で何教というでしょう？,景教,66
中国唯一の女帝・則天武后が即位した際に、唐に代わって建国された王朝の国号は何でしょう？,周,6
西暦712年に皇帝となり、「開元の治」と呼ばれる善政によって唐の全盛期を現出したことで知られる中国・唐の第6代皇帝で、晩年は楊貴妃を寵愛して政務を怠るようになり、安史の乱が起きるきっかけとなったのは誰でしょう？,玄宗,66
日本プロ野球では他の全チームで自力優勝の可能性が消えた時にこれが「点灯」すると表現される、リーグ戦で自力優勝のために必要な勝利数を目安的に示す数字を何ナンバーというでしょう？,マジックナンバー,44444444
けん玉の技の1つで、球を大皿に乗せた状態から中皿→大皿→中皿...とリズムよく交互に移動させる技を、ある童謡の歌詞にちなんだ名称で何というでしょう？,もしかめ,3333
明智光秀の娘で、織田信長の勧めにより細川忠興の正室となった、クリスチャンだったことで知られる戦国時代の女性をその洗礼名を使って一般に何と呼ぶでしょう？,細川ガラシャ,664444
娘に織田信長の正室・濃姫などがいる、「美濃のマムシ」と呼ばれた戦国武将は誰でしょう？,斎藤道三,6666
初名は「隆房」を名乗っていた、主君の大内義隆を討って大内家の実権を握るも、1555年の厳島の戦いにて毛利元就に討たれた戦国大名は誰でしょう？,陶晴賢,666
黒田官兵衛とあわせて「二兵衛」または「両兵衛」と呼ばれることもある、官兵衛と同じく豊臣秀吉の参謀として活躍した戦国武将は誰でしょう？,竹中半兵衛,66666
最期は1584年の沖田畷の戦いで有馬・島津の連合軍に敗れて討ち死にした、「肥前の熊」と称された戦国武将は誰でしょう？,龍造寺隆信,66666
関ヶ原の戦いの後に福岡藩の初代藩主となった、父親に「官兵衛」の通称で知られる智将・黒田孝高がいる戦国武将は誰でしょう？,黒田長政,6666
宣教師のガスパル=ウィレラが「この町はベニス市の如く執政官に依りて治められる」と表現したとする記述が『耶蘇会士日本通信』に残っている、戦国時代に36人の会合衆による自治が展開されていた都市はどこでしょう？,堺,6
信貴山城の戦いで織田信長に敗れた際に、名器の茶釜「古天明平蜘蛛」が信長の手に渡ることを良しとせず、茶釜もろとも焼死したという逸話が残る戦国大名は誰でしょう？,松永久秀,6666
幼名を梵天丸といい、幼少期に疱瘡で右目を失明したことにちなんだ「独眼竜」の通称が広く知られる、仙台藩の初代藩主である戦国武将は誰でしょう？,伊達政宗,6666
1591年に叔父の秀吉から関白の職を譲り受けるも、秀吉に嫡男が生まれた後に失脚して自害した大名は誰でしょう？,豊臣秀次,6666
本名の「茶々」としても知られる、浅井長政を父に、織田信長の妹・市を母に持ち、豊臣秀吉の側室となって嫡男・秀頼を産んだ女性を一般に「何殿」と呼ぶでしょう？,淀殿,66
明治に入ってから「弘文天皇」の諡号を贈られたものの、実際に即位したかどうかは定かではないとされる、672年の壬申の乱で大海人皇子に敗れ自害した人物を一般に何皇子と呼ぶでしょう？,大友皇子,6666
第2次大戦後のいわゆる「東京裁判」で起訴されたA級戦犯は何人でしょう？,28人,006
夏の甲子園で5打席連続敬遠を受けた逸話でも知られる、現在ニューヨーク・ヤンキースの特別アドバイザーを務め、「ゴジラ」の愛称でも親しまれる元プロ野球選手といえば誰でしょう？,松井秀喜,6666
1583年に羽柴秀吉が柴田勝家を破った合戦で、福島正則、加藤清正、片桐且元など7人の秀吉方の武将がその戦場の地名をとってそこの「七本槍」と呼ばれるようになったことでも知られるのは「何の戦い」でしょう？,賤ヶ岳の戦い,646363
その名は1868年の干支に由来する、同年に起きた鳥羽・伏見の戦いに始まり箱館戦争を以って終結した、旧徳川幕府軍と明治新政府軍との間の一連の内戦のことを何戦争というでしょう？,戊辰戦争,6666
小倉百人一首に収められた「人もをし 人も恨めし あぢきなく世を思ふゆゑに 物思ふ身は」などの歌を遺した歌人としても知られる、1221年の承久の乱の後に隠岐へ流された天皇は何天皇でしょう？,後鳥羽天皇,66666
実業家の安藤百福が開発して1958年に販売を開始し、即席麺として初めて商業的に成功した商品となった、日清食品の袋入りインスタントラーメンは何でしょう？,チキンラーメン,4444444
断崖の窪みに建つことから「日本一危険な国宝」といわれることもある、鳥取県三朝町にある三徳山三仏寺の奥院のことを、かつて役行者が法力で仏堂を現在地に移したとする伝承にちなんだ通称で何というでしょう？,投入堂,666
『京いろはかるた』の「う」の読み札になっている、家柄や身分よりも子供の頃のしつけや環境のほうが人間形成への影響が大きい、という意味のことわざは何でしょう？,氏より育ち,63363
その治世が「延喜・天暦の治」と総称される2人の天皇とは、「延喜の治」の醍醐天皇と、「天暦の治」の何天皇でしょう？,村上天皇,6666
1603年に徳川家康を征夷大将軍に任命した天皇は何天皇でしょう？,後陽成天皇,66666
現時点で生前退位を行った最後の天皇である、江戸時代後期に在位した第119代天皇は何天皇でしょう？,光格天皇,6666
即位前は「中大兄皇子」として大化の改新などを行った、668年に大津宮で即位した天皇は何天皇でしょう？,天智天皇,6666
即位前は「大海人皇子」と呼ばれた、壬申の乱で大友皇子を破って即位した天皇は何天皇でしょう？,天武天皇,6666
在位期間が歴代天皇最長にあたる102年間だったとされる、実在が不確かないわゆる「欠史八代」に含まれる第6代天皇を、一般に漢風諡号で何天皇というでしょう？,孝安天皇,6666
即位前は「泊瀬部皇子」と呼ばれ、蘇我馬子らと対立して592年に暗殺された、歴代天皇で他殺により崩御したことが明らかになっている唯一の天皇とされる第32代天皇は何天皇でしょう？,崇峻天皇,6666
紀元前660年2月11日に即位したとされる、日本の初代天皇を一般に何天皇というでしょう？,神武天皇,6666
明治天皇の父親にあたり、妹の和宮を徳川14代将軍・家茂に降嫁させるなど積極的な公武合体策を推進したことで知られる幕末の天皇は何天皇でしょう？,孝明天皇,6666
かつて中国・明で鋳造され、日本では室町時代に輸入されたのをきっかけに、江戸初期の「寛永通宝」の流通開始まで東国を中心に広く貨幣として流通していた、明の第3代皇帝の名を冠した銅銭を漢字4文字で何というでしょう？,永楽通宝,6666
後深草天皇に始まり、南北朝時代に「北朝」と呼ばれた皇族の系統を、後深草天皇が譲位後に御所として用いたとされる寺院の名をとって何統というでしょう？,持明院統,6666
亀山天皇に始まり、南北朝時代に「南朝」と呼ばれた4代の天皇を含む7代の天皇を輩出した皇族の系統を、後宇多天皇が院政を行った京都・嵯峨の寺院の名をとって何統というでしょう？,大覚寺統,6666
サンスクリット語で「金剛」を意味する言葉を語源とする、日本の南北朝期に流行した、華美で贅沢な装いや秩序を無視した振る舞い、それらを好む風潮などを指した言葉は何でしょう？,ばさら,333
1965年に沖縄県で発見され、当初は新種と考えられていたものの現在はベンガルヤマネコの亜種とされている、生息地の島の名を冠したネコ科の動物の和名は何でしょう？,イリオモテヤマネコ,444444444
ニュージーランドの教師イザベル・フレイザーが中国南部から持ち帰った種子が起源とされ、ニュージーランド固有の鳥の名前にちなんでその名が付けられたとされる、食用果実でおなじみのマタタビ科の果樹は何でしょう？,キウイフルーツ,4444444
鎌倉の東慶寺とともに徳川幕府から「駆け込み寺」「縁切寺」として公認されていた、現在の群馬県太田市徳川町にあった時宗の寺はどこでしょう？,満徳寺,666
山号を巨福山という、鎌倉幕府5代執権の北条時頼により創建され「鎌倉五山」の第一位とされる、神奈川県鎌倉市にある臨済宗の寺院を一般に何と呼ぶでしょう？,建長寺,666
山号を福源山という神奈川県鎌倉市にある臨済宗の寺院で、アジサイの名所であることから「あじさい寺」の通称でも知られるのはどこでしょう？,明月院,666
足利尊氏の「尊」の字はこの人物の諱からもらい受けたものである、鎌倉幕府滅亡後に尊氏らと協力して「建武の新政」と呼ばれる政治体制を敷いた第96代天皇は何天皇でしょう？,後醍醐天皇,66666
尊称として「捨聖」「遊行上人」などとも呼ばれ、踊り念仏を諸国に広めたことや、時宗の開祖として知られる鎌倉中期の僧侶を一般に何と呼ぶでしょう？,一遍,66
鎌倉幕府で最後に将軍を務めた、第9代将軍は誰でしょう？,守邦親王,6666
別名『定家卿記』や『照光記』とも呼ばれ、オーロラとみられる「赤気」という現象や、超新星や彗星とみられる現象についての記述があることでも知られる、鎌倉時代の歌人・藤原定家が記した日記は何でしょう？,明月記,666
平安時代の令外官の長官や、鎌倉幕府における侍所や政所の長官を指した漢字2字の言葉は何でしょう？,別当,66
1221年の承久の乱で後鳥羽上皇を破って執権政治の礎を築いた、鎌倉幕府第2代執権は誰でしょう？,北条義時,6666
『蒙古襲来絵詞』の中で竹崎季長の訴えを聞く様子が描かれていることでも知られる、鎌倉中期に北条時宗の重臣として仕え、内管領の平頼綱と対立して「霜月騒動」により一族とともに滅ぼされた有力御家人は誰でしょう？,安達泰盛,6666
それまで日本一だった横浜ランドマークタワーを上回って日本一高いビルとなった、2014年に大阪市に開業した高さ300mの高層ビルは何でしょう？,あべのハルカス,3334444
江戸時代初期に有馬・草津・下呂の3温泉を称える詩を残し「日本三名泉」の由来となったことや、昌平坂学問所の起源である「忍岡聖堂」の創設者としても知られる、家康以降4代の徳川将軍に仕えた儒学者は誰でしょう？,林羅山,666
江戸幕府の将軍15人では最も長命の満76歳まで生きた、安政の大獄での隠居謹慎処分や大政奉還の実現などで知られる第15代将軍は誰でしょう？,徳川慶喜,6666
江戸期の照明器具・行灯の中でも、主に寝室の枕元に置き、夜通し灯された座敷用の四角い行灯のことを何行灯というでしょう？,有明行灯,6666
江戸期の照明器具・行灯の中でも、主に吉原遊郭の妓楼前に立てられ、上部が屋根状になっているものを何行灯というでしょう？,誰哉行灯,6666
江戸幕府の将軍で、間部詮房や新井白石らを登用して「正徳の治」と呼ばれる政治を始め、先代が残した生類憐みの令などの撤回に努めた第6代将軍は誰でしょう？,徳川家宣,6666
「もじり」とも呼ばれる、江戸時代に刺又、突棒とともに罪人を捕らえる三つ道具とされた武具は何でしょう？,袖搦,66
江戸時代の三大改革のうち、上米の制、公事方御定書の制定、目安箱の設置などの政策が行われた、8代将軍・徳川吉宗が主導した改革のことを一般に何の改革というでしょう？,享保の改革,66366
江戸時代の三大改革のうち、上知令、株仲間の解散、人返し令などの政策が行われた、老中・水野忠邦の主導による改革のことを一般に何の改革というでしょう？,天保の改革,66366
江戸時代の三大改革のうち、七分積金や徹底的な倹約令、思想統制などの政策が行われた、老中・松平定信主導による緊縮財政的な改革のことを一般に何の改革というでしょう？,寛政の改革,66366
江戸時代にあった五街道の宿場のうち、日本橋から見て日光街道および奥州街道の最初の宿場だったのは何宿でしょう？,千住宿,666
江戸時代に、知行1万石未満で将軍に謁見できる格を持った将軍直属の家臣のことを、戦場において大将旗のある場所を意味した言葉に由来する呼び名で何といったでしょう？,旗本,66
イギリス国王のヘンリー3世がマグナカルタを無視して貴族から戦費を徴収しようとしたことに反発し、貴族らの反乱組織を率いて王を捕らえ、議会の召集を認めさせたことで知られる、第6代レスター伯であった貴族は誰でしょう？,シモン・ド・モンフォール,444444444444
かつて藤堂氏や伊達氏が居城としていた城で、江戸期以前の天守が現存する城としては日本で最も南に位置するのは何城でしょう？,宇和島城,6666
江戸幕府3代将軍の徳川家光から「我が右手」と称された、若狭小浜藩初代藩主や幕府の老中・大老などを務めた江戸初期の大名は誰でしょう？,酒井忠勝,6666
江戸時代に笹ヶ谷鉱山で採掘された硫砒鉄鉱を焼成して作られ、広く流通していた殺鼠剤を、近くにあった別の鉱山の名前を使って「何ねずみ捕り」と呼んだでしょう？,石見銀山ねずみ捕り,666633363
1962年に栃木県佐野市で発見された約200点の作品群が、真贋を巡って国会に取り上げられるほどの大論争を巻き起こしたことでも知られる、兄に絵師の光琳を持つ、江戸時代の陶工は誰でしょう？,尾形乾山,6666
1860年に江戸で薩摩藩浪士・伊牟田尚平らに殺害された、アメリカ総領事ハリスの通訳を務めていたオランダ人を、一般にその英語名で何と呼ぶでしょう？,ヘンリー・ヒュースケン,44444444444
幕末に主に近畿や東海地方で発生した、伊勢神宮などの神社の御札が空から降ってきたのをきっかけに多くの人々が熱狂的に乱舞したという民衆運動を、人々が口にした囃子言葉を用いて一般に何というでしょう？,ええじゃないか,3333333
5世紀に編纂され、光武帝が倭の奴国の王にいわゆる金印を授けたとする記述が知られる、古代中国の歴史書は何でしょう？,後漢書,666
北海道周辺で、それまでの続縄文文化に代わって7世紀前後から13世紀頃まで発達した、鉄器の使用や櫛の歯のような文様を持つ土器の使用を特徴とする文化を何文化というでしょう？,擦文文化,6666
1997年までに39口の銅鐸が出土し、1つの遺跡としては最も多くの銅鐸が出土した遺跡として知られる、島根県雲南市にある弥生時代の遺跡は何遺跡でしょう？,加茂岩倉遺跡,666666
ここの調査が日本考古学協会の発足の契機となったことでも知られる、弥生時代後期の集落跡とされる静岡市にある遺跡は何遺跡でしょう？,登呂遺跡,6666
日本武尊を熊襲や蝦夷の討伐に向かわせたとされる、日本武尊の父親にあたる第12代の天皇は何天皇でしょう？,景行天皇,6666
平安京で晒しものにされた首が関東に飛び去ったという伝説が残る、10世紀に関東地方で国府襲撃などの反乱を起こして「新皇」を自称し、藤原秀郷らに討たれた武将は誰でしょう？,平将門,666
平安時代中期、伊予の日振島を根拠地として瀬戸内海一帯の海賊を率いて襲撃や略奪を行い、941年に朝廷の軍勢に殺されたとされる貴族出身の人物は誰でしょう？,藤原純友,6666
日本では特に平城京跡に多く出土し、荷札や官庁間の連絡、事務記録、または単なる落書きなど様々な用途に使われたと考えられている、紙の普及が進んでいなかった古代に用いられた木の札を一般に何というでしょう？,木簡,66
711年に元明天皇の命を受け、稗田阿礼が暗記していた神話や伝承を書き起こし、『古事記』として編纂したことで知られる奈良時代の官僚は誰でしょう？,太安万侶,6666
816年に空海が創建した、高野山真言宗の総本山となっている和歌山県の寺院は何でしょう？,金剛峯寺,6666
刑部親王や藤原不比等らが選定して701年に制定された、6巻の「律」と11巻の「令」の計17巻からなっていた古代日本の基本法典を一般に何というでしょう？,大宝律令,6666
娘のリヴが女優として出演した映画『アルマゲドン』ではバンドとして主題歌を担当した、ロックバンド「エアロスミス」のボーカルを務めるミュージシャンは誰でしょう？,スティーヴン・タイラー,44444444444
アマチュア研究者の大山盛保らにより現在の沖縄県八重瀬町で発見され、日本の化石人骨としては最も良好な保存状況で出土したとされる旧石器時代の化石人骨を、その発見地の地名から何人というでしょう？,港川人,666
239年頃に、邪馬台国の女王・卑弥呼が魏の皇帝・曹叡から与えられたとされる称号は何でしょう？,親魏倭王,6666
1950年に札幌から海水浴に来ていた中学生により発見され、1953年に国の史跡に指定された、人や動物の絵が彫られた岩壁や続縄文式土器などが見つかっている北海道余市町の洞窟遺跡を何洞窟というでしょう？,フゴッペ洞窟,444466
1886年に「縄紋土器」という訳語を日本で初めて使い、それが後の「縄文」という言葉の由来となった人物でもある、日本植物病理学会の初代会長を務めた学者は誰でしょう？,白井光太郎,66666
1974年に国宝に指定された極彩色の壁画を持つ石室が有名な、奈良県明日香村にある特別史跡の古墳は何古墳でしょう？,高松塚古墳,66666
石室内に十二支や天文図などの壁画が残され、特に青竜・白虎・朱雀・玄武の「四神」が揃って残っている古墳壁画は日本唯一の例である、奈良県明日香村にある特別史跡の古墳は何古墳でしょう？,キトラ古墳,44466
『日本書紀』によれば527年に起きたとされる、近江毛野が率いるヤマトの軍が朝鮮南部への出兵を試みた際に、九州・筑紫の豪族が起こしたという反乱のことを、その豪族の名をとって何の乱というでしょう？,磐井の乱,6636
稲目、馬子、蝦夷、入鹿などの人物が知られる、大化の改新の前まで大きな勢力を持っていた古代日本の豪族といえば何氏でしょう？,蘇我氏,666
氏姓の基本台帳として平安時代まで用いられていたと考えられる、670年に作られ全国規模としては日本最古とされる戸籍のことを何というでしょう？,庚午年籍,6666
蘇我馬子の墓という説が有力視されており、元々土で覆われていたとみられる石室が露出した状態になっていることが特徴的な、奈良県明日香村にある特別史跡の古墳は何古墳でしょう？,石舞台古墳,66666
「林臣」「鞍作」などとも呼ばれた、飛鳥時代に父・蝦夷とともに絶大な権力を手にするも、乙巳の変で中大兄皇子らに殺害された豪族は誰でしょう？,蘇我入鹿,6666
大化の改新後に制度化された、主に東国から徴発されて九州北部で他国からの防御任務に就いた兵士たちのことを一般にその訓読みで何と呼ぶでしょう？,防人,66
天武天皇が制定した「八色の姓」のうち最も低い8番目の姓として定められていたものの、実際に下賜されることはなかったという姓は何でしょう？,稲置,66
天武天皇が制定した「八色の姓」のうち最高位にあたる姓は何だったでしょう？,真人,66
6年に1度、6歳以上の人民に口分田を配分し、死亡した場合は国家に収めることを原則とした、奈良時代およびその前後に日本で施行されていた農地に関する法を何法というでしょう？,班田収授法,66666
724年に按察使の大野東人が、北方の蝦夷に対する大和朝廷側の拠点として築城し、のちに陸奥の国府や鎮守府が移され古代の東北地方の中心地となった、現在の宮城県にあった城柵を何城というでしょう？,多賀城,666
藤原不比等の4人の息子が興した「藤原氏四家」とは、長男・武智麻呂の「南家」、次男・房前の「北家」、三男・宇合の「式家」と、四男・麻呂の何家でしょう？,京家,66
藤原不比等が亡くなった後に政治の実権を握るも、不比等の子である四兄弟ら藤原氏一族と対立し、729年の政変で自殺に追い込まれた奈良時代の左大臣は誰でしょう？,長屋王,666
奈良時代に称徳天皇の寵愛を受け、天皇に次ぐ「法王」にまで登り詰め、さらに宇佐神宮で神託があったと称して自ら天皇位を望んだものの、退けられて下野国に左遷された僧の名前は何でしょう？,道鏡,66
のちに斉明天皇として2度目の天皇即位を行っている、推古天皇に次ぐ史上2人目の女性天皇として即位した第35代天皇は何天皇でしょう？,皇極天皇,6666
日本における律宗の開祖で、唐招提寺の創立者としても知られる古代中国・唐出身の僧は誰でしょう？,鑑真,66
奈良時代の風土記で唯一完本として残っている、国引き神話など独自の伝承が記述された風土記は『何国風土記』でしょう？,出雲国風土記,666666
文武天皇元年から桓武天皇に至るまでの95年間の歴史を記した、古代日本の正史「六国史」の中で『日本書紀』に次ぐ2番目にあたる歴史書は何でしょう？,続日本紀,6666
天武天皇に舎人として仕えていた際に、一度耳にしたことは忘れないというほどの記憶力を見込まれて歴史や伝承を記憶する役目を命じられ、その口述により太安万侶が『古事記』を記述・編纂したと伝えられる人物の名は何でしょう？,稗田阿礼,6666
古代日本の「六国史」と呼ばれる6つの正史のうち時系列順で最後に来る、清和天皇から光孝天皇の代までを書いた歴史書は何でしょう？,日本三代実録,666666
仏教の「南都六宗」の1つで、大仏で知られる東大寺がその大本山となっているのは何宗でしょう？,華厳宗,666
仏教の「南都六宗」の1つで、唐招提寺を総本山とし、鑑真が日本における開祖となったのは何宗でしょう？,律宗,66
日本に伝来した最古の暦法とされる、宋の天文学者・何承天が編纂した太陽太陰暦の一種を何暦というでしょう？,元嘉暦,666
京都の清水寺を建立した人物でもある、征夷大将軍として蝦夷と戦いアテルイを降伏させたことで知られる平安時代の武人は誰でしょう？,坂上田村麻呂,666666
866年に皇族以外で初めて摂政の位に就き、のちにその子孫たちが摂関政治と呼ばれる政治体制を敷く基礎となった平安初期の貴族は誰でしょう？,藤原良房,6666
平等院鳳凰堂を建立したことでも知られる、平安中期に摂政・関白を合わせて約50年務め、父の道長と共に一族の全盛時代を築いた貴族は誰でしょう？,藤原頼通,6666
通称「悪左府」とも呼ばれた、1156年に崇徳天皇とともに保元の乱を起こして敗死した平安時代の貴族は誰でしょう？,藤原頼長,6666
仏教のうち密教以外の教えのことを、文字や言語などで普通の人々にもわかるよう明らかにされた教えという意味を持つ総称で何というでしょう？,顕教,66
1980年に「ハプニング解散」と呼ばれる衆議院解散を行い、その選挙期間中に首相在任のまま心不全で死去した、日本の元総理大臣は誰でしょう？,大平正芳,6666
弘法大師がその扁額を書く際に文字を間違えてしまったという逸話や、866年に放火され、伴善男・中庸親子がその犯人として流罪となったことで知られる、かつて平安京にあった門は何門でしょう？,応天門,666
平安時代の天皇で、清少納言が仕えた中宮定子と、紫式部が仕えた中宮彰子をともに后としていたのは何天皇でしょう？,一条天皇,6666
その治世は「寛平の治」と呼ばれる、藤原摂関家を抑えて菅原道真ら近臣を重用し政治改革を推し進めた平安時代の天皇は何天皇でしょう？,宇多天皇,6666
後白河天皇方と崇徳上皇方の対立により1156年に発生し、平清盛や源義朝らが活躍し武士の政界進出のきっかけになったとされる政変を、当時の年号をとって何の乱というでしょう？,保元の乱,6636
代表作に平等院鳳凰堂の本尊である木造阿弥陀如来坐像がある、仏像の寄木造などの技法を完成させ、長く日本の仏像の規範とされたことで知られる平安時代の仏師は誰でしょう？,定朝,66
藤原不比等の4人の息子が興した「藤原氏四家」の1つで、のちに道長や頼通などにより摂政・関白職を代々独占し隆盛を極めた家は何でしょう？,北家,66
英語で、原子が規則的に配列された「結晶」をクリスタルというのに対し、ガラスやゴムのように原子が不規則に配列された「非晶質」のことを何というでしょう？,アモルファス,444444
「今様狂い」と称されるほどの歌好きで、声が潰れて出なくなることもあったという逸話が残る、二条・六条・高倉・安徳・後鳥羽天皇の5代にわたって院政を行った平安末期の天皇は何天皇でしょう？,後白河天皇,66666
1167年に武士として初めて太政大臣に就き、日本初の武家政権とされる体制を築いた平安末期の武将は誰でしょう？,平清盛,666
通称を「新羅三郎」といい、子孫に甲斐武田氏や常陸佐竹氏、小笠原氏などがいる、後三年の役などで活躍した平安時代の武将は誰でしょう？,源義光,666
容姿秀麗で「桜梅少将」の通称でも呼ばれた、富士川の戦いにおいて大勢の水鳥が飛び立つ音を敵襲と聞き違えて総崩れになったとされる逸話や、倶利伽羅峠の戦いで源義仲に大敗したことで知られる平安時代の武将は誰でしょう？,平維盛,666
息子に頼朝・義経らがいる、平安末期に藤原信頼とともに平治の乱を起こした武将は誰でしょう？,源義朝,666
本名は「宗隆」などと伝わる、1185年の屋島の戦いにおいて平氏方の船に掲げられた扇の的を一矢で射落とした逸話で知られる平安時代の武将を、一般に何と呼ぶでしょう？,那須与一,6666
日本で初めて大僧正の位を得た人物である、仏教の布教とともに橋や灌漑設備の整備といった社会事業も手掛けて民衆の幅広い支持を集め、東大寺の大仏建立にも貢献したことで知られる奈良時代の僧は誰でしょう？,行基,66
『平家物語』の冒頭において「諸行無常の響あり」といわれているのは何の鐘の声でしょう？,祇園精舎,6666
紀貫之による『仮名序』と紀淑望の作とされる『真名序』という2つの序文をもつ、平安時代前期に編纂された日本最初の勅撰和歌集は何でしょう？,古今和歌集,66666
別名を「秦公寺」「太秦寺」などといい、弥勒菩薩半跏像や阿弥陀如来坐像など多くの国宝を所蔵することでも知られる、京都最古の寺院とされる真言宗の寺院は何でしょう？,広隆寺,666
通称「賢人右府」と呼ばれた平安時代の公家で、藤原道長が詠んだとされる「この世をば我が世とぞ思ふ望月の欠けたることもなしと思へば」の歌が記された日記『小右記』や『小野宮年中行事』などの著作があるのは誰でしょう？,藤原実資,6666
父は摂政・関白を務めた基経である、901年に菅原道真を讒言により太宰府に左遷させて藤原氏の地位を確保したものの、39歳の若さで亡くなったため「道真の祟り」との噂が立ったという平安時代の政治家は誰でしょう？,藤原時平,6666
壇ノ浦の戦いで捕虜となるも、神器の八咫鏡を守った功績から死罪を免れて流罪になったとされる平安末期の人物で、平清盛の妻の弟として権勢をふるい、いわゆる「平家にあらずんば人にあらず」の発言が有名なのは誰でしょう？,平時忠,666
伊勢神宮で20年ごとに行われるものが代表的である、決められた年に新しい本殿を造り、元の本殿からご神体を移すという神社の行事のことを漢字4文字で何というでしょう？,式年遷宮,6666
福岡で「博多三大祭り」と呼ばれる3つの祭とは、5月の博多どんたく、7月の博多祇園山笠と、9月に筥崎宮で行われる何という祭事でしょう？,放生会,666
7世紀後半に備前・備中・備後の3ヶ国に分割された、おおむね現在の岡山県から広島県東部にあたる地域にかつて存在した国は何という国でしょう？,吉備国,666
奈良・東大寺の境内にあり、運慶らが制作した金剛力士像が安置されている、山門としては日本最大級とされる国宝指定の門を何というでしょう？,南大門,666
奈良・東大寺の境内にあり、校倉造の代表的建築物としても知られる、奈良時代にシルクロード経由で伝わった宝物や聖武天皇ゆかりの品などが収められている高床倉庫を一般に何と呼ぶでしょう？,正倉院,666
諡号を「伝教大師」という、805年に唐から帰国し、日本における天台宗の開祖となった僧は誰でしょう？,最澄,66
鎌倉幕府の将軍で、初代は源頼朝ですが、2代目は誰でしょう？,源頼家,666
配流先の伊豆で北条政子と駆け落ちにより結婚したという逸話が残る、1192年に征夷大将軍に就いた鎌倉幕府の初代将軍は誰でしょう？,源頼朝,666
鎌倉時代には将軍と主従関係を結んだ武士のことを指し、江戸時代には特に将軍直属ながら将軍に謁見できる格を持たなかった家臣のことを指した呼び名は何でしょう？,御家人,666
北条義時の別名に由来するとされる、鎌倉幕府で代々執権を輩出した北条氏の嫡流の当主を指す呼び名は何でしょう？,得宗徳宗,6666
制定時の元号から「貞永式目」という別名でも呼ばれる、1232年に鎌倉幕府の執権・北条泰時を中心に編纂された武家の法典を何というでしょう？,御成敗式目,66666
元寇における自身の武功などを後世に伝えるために『蒙古襲来絵詞』を描かせたことで知られる、鎌倉時代の肥後国出身の武士は誰でしょう？,竹崎季長,6666
承久の乱では罪に問われなかったものの、遠流になった父の後鳥羽上皇を差し置いて自分だけ京に残るのは忍びないと自ら申し出て四国に下ったという、第83代天皇を務めた鎌倉時代の上皇は何上皇でしょう？,土御門上皇,66666
鎌倉幕府滅亡後の1333年に後醍醐天皇が開始した、天皇による政治の復活を目指した新しい政治体制のことを、後醍醐天皇が定めた元号をとって「何の新政」というでしょう？,建武の新政,66366
鎌倉幕府の第8代執権として、文永・弘安の2度の元寇の対応にあたった人物は誰でしょう？,北条時宗,6666
鎌倉幕府で将軍を務めた人物は全部で何人いたでしょう？,9人,06
鎌倉幕府の将軍のうち、「宮将軍」などと呼ばれる皇族出身の将軍は何人でしょう？,4人,06
北条時房がその初代とされ、代々北条氏の当主や有力者が独占した、鎌倉幕府において執権を補佐し、公文書に執権とともに署判を行った役職は何でしょう？,連署,66
平安時代後期に源義家が、のちの藤原清衡とともに出羽の豪族・清原氏を滅ぼし、東国における源氏の勢力確立や奥州藤原氏の始まりにつながったとされる戦を「何の役」というでしょう？,後三年の役,66636
平安時代後期、朝廷に背いた陸奥の安倍頼時ら一族を、源頼義・義家父子らを中心とする朝廷側の軍勢が12年かけて攻め滅ぼし、東国において源氏が勢力を築くきっかけとなったとされる戦を「何の役」というでしょう？,前九年の役,66636
1221年の承久の乱で幕府軍の総大将を務めたことや、1232年に御成敗式目を制定したことで知られる、鎌倉幕府の第3代執権は誰でしょう？,北条泰時,6666
『建武記』に収録され、「此頃都ニハヤル物 夜討 強盗 謀綸旨」という書き出しで始まる、建武の新政による政治や社会の混乱を風刺した落書のことを、それが掲げられていたという地名をとって一般に「何の落書」というでしょう？,二条河原の落書,6666366
浄土真宗の根幹をなす、悪人こそが仏の救いを受ける本当の機会を持つとする思想のことを何説というでしょう？,悪人正機説,66666
1333年に鎌倉を攻め落とし、鎌倉幕府崩壊の立役者の1人となった人物で、南北朝分裂後は南朝方の実質的な大将を務め、1338年の藤島の戦いで戦死した武将は誰でしょう？,新田義貞,6666
中国の明が、正式な貿易船や使節をその他の船と区別するために、日本の室町幕府など周辺国の統治者に対して発行した割符のことを何というでしょう？,勘合,66
日本の室町幕府と「勘合貿易」と呼ばれる貿易を行ったのは中国の何という王朝でしょう？,明,6
1362年に斯波義将が就いたのが始まりで、以降は斯波・畠山・細川の3家から代々選ばれた、室町幕府で将軍に次ぐ地位にあった役職を何というでしょう？,管領,66
1467年に応仁の乱が起きた時の将軍で、銀閣寺こと慈照寺の創立者としても知られる、室町幕府第8代将軍は誰でしょう？,足利義政,6666
室町幕府将軍・足利義政の妻で、義政の後継の将軍を巡って細川勝元らと山名宗全らとの対立を引き起こし、応仁の乱のきっかけを作ったとされる人物は誰でしょう？,日野富子,6666
俗名を「持豊」といった、応仁の乱で西軍の実質的な大将として細川勝元らと対立した守護大名は誰でしょう？,山名宗全,6666
いわゆる勘合貿易の開始や南北朝の統一といった功績で知られる、室町幕府の第3代将軍は誰でしょう？,足利義満,6666
かつての歌舞伎の八枚看板に由来する、道化役や滑稽な人物を意味する言葉は何でしょう？,三枚目,666
かつての歌舞伎の八枚看板に由来する、色男や美男子を指す言葉は何でしょう？,二枚目,666
室町幕府の「三管領家」とは、斯波氏、細川氏と何氏でしょう？,畠山氏,666
1428年に近江国で馬借が起こしたものに始まり、畿内を中心に各地へ広がった、徳政を求める農民などが起こした大規模な一揆のことを、当時の元号から総称で「何の土一揆」というでしょう？,正長の土一揆,663666
京都の龍安寺を建立した人物でもある、室町幕府で管領などを務め、応仁の乱の際には東軍の総大将として山名宗全と対立した守護大名は誰でしょう？,細川勝元,6666
1543年、領内に漂着したポルトガル人から鉄砲を購入し、家臣に命じて日本初の国産の銃を製造させた、種子島氏の第14代当主は誰でしょう？,種子島時尭,66666
室町幕府の歴代将軍で、最初の将軍は足利尊氏ですが、最後の第15代将軍は誰でしょう？,足利義昭,6666
室町幕府の歴代将軍で、初代将軍は足利尊氏ですが、2代目の将軍は誰でしょう？,足利義詮,6666
天皇としては第99代に数えられる、北朝の後小松天皇に譲位して南北朝合一を実現させた、南朝最後の天皇は何天皇でしょう？,後亀山天皇,66666
その創業者の本多征昭は1970年の大阪万博のイタリア館でシェフを務めた人物である、イタリア語で「気まぐれな」という意味の名を持つイタリア料理のレストランチェーンは何でしょう？,カプリチョーザ,4444444
皇族で初めて征夷大将軍となった人物である、鎌倉幕府第6代将軍を務めた皇子は何親王でしょう？,宗尊親王,6666
平安後期の武将・木曽義仲の妾で、『平家物語』などにおいては義仲に従い武功を立てた剛勇の女武者として描かれている女性を、一般に何御前と呼ぶでしょう？,巴御前,666
源頼朝を前に「吉野山 峰の白雪 ふみ分けて 入りにし人の 跡ぞ恋しき」という源義経を慕う歌を唄い、頼朝を激怒させたという逸話が残る、義経の妾であった女性を一般に何御前と呼ぶでしょう？,静御前,666
1336年の湊川の戦いで足利尊氏らに敗れて自害した武将で、後醍醐天皇に最期まで尽くした忠臣として、特に明治以降に「大楠公」と称されるなどして崇敬を集めたことでも知られるのは誰でしょう？,楠木正成,6666
1457年、和人によるアイヌ男性の殺害事件をきっかけとして現在の北海道の渡島半島で起きた、アイヌ民族と和人の大規模な戦いのことを、アイヌ側の首領の名をとって「何の戦い」というでしょう？,コシャマインの戦い,444444363
織田信長に仕えた丹羽長秀と柴田勝家という2人の重臣にあやかり、その1字ずつをとって付けられたとされる、豊臣秀吉が豊臣を名乗る前から用いていた名字は何でしょう？,羽柴,66
「表裏比興の者」の異名を持ち、1585年と1600年の2度の上田合戦で徳川軍から勝利を収めたことや、息子に「幸村」こと信繁らがいることでも知られる戦国武将は誰でしょう？,真田昌幸,6666
京都の伏見城跡に造られた「伏見桃山陵」は何天皇の陵墓でしょう？,明治天皇,6666
長篠の戦いで織田信長・徳川家康の連合軍に敗れた、父に信玄を持つ戦国大名は誰でしょう？,武田勝頼,6666
1582年、織田・徳川の軍勢に攻められた武田勝頼がその麓で一族ともども自害したことで知られ、転じて物事の終わりや勝負の分かれ目を意味する慣用句にもなっている、現在の山梨県甲州市にある山の名前は何でしょう？,天目山,666
旗印に「大一大万大吉」の文字を使用していた、豊臣政権の五奉行の1人で、関ヶ原の戦いの西軍を実質的に主導したことでも知られる戦国武将といえば誰でしょう？,石田三成,6666
別名「相模の獅子」などとも呼ばれた、戦国時代に上杉謙信らの侵攻を退けて南関東一円を支配し、北条氏の全盛期を築いた同家3代目の当主は誰でしょう？,北条氏康,6666
豊臣秀吉が57歳の時に大坂城で誕生し、大坂夏の陣で母の淀殿とともに自害した、豊臣家最後の当主は誰でしょう？,豊臣秀頼,6666
豊臣秀吉が新たな大仏を安置する寺として1595年に建立し、その子の秀頼の代に造られた梵鐘に記された「国家安康」「君臣豊楽」の言葉に徳川家康が激怒し、大坂の陣の契機になったという逸話でも知られる京都市の寺院はどこでしょう？,方広寺,666
兜の前立に「愛」の字を掲げていたことでも知られる、戦国大名の上杉景勝に家老として仕えた武将は誰でしょう？,直江兼続,6666
名は「高幹」といい、「戦わずして勝つ、これが無手勝流だ」と言って戦いに逸る若侍を戒めたとする逸話でも知られる、戦国時代に鹿島新当流を開いた剣豪を一般に何と呼ぶでしょう？,塚原卜伝,6666
幼少期は「姫若子」と称されるほど軟弱であったが、初陣で活躍してからは「鬼若子」と呼ばれ畏怖されたという逸話が残る、1585年に秀吉に攻められるまで四国をほぼ統一していた土佐出身の戦国大名は誰でしょう？,長宗我部元親,666666
戦国時代の備中国にあった城で、特に京都で本能寺の変が起きていた頃、羽柴秀吉が水攻めを行っていた城として知られるのは何城でしょう？,高松城,666
日本の令制国で、豊臣秀吉の出身地は尾張国ですが、徳川家康の出身地はどこの国でしょう？,三河国,666
戦国時代まで越前朝倉氏が本拠地とし、応仁の乱で荒廃した京から公家や文化人などが多く移住したため「北ノ京」と呼ばれるほど栄えていたという、現在の福井市にあった城下町を何と呼ぶでしょう？,一乗谷,666
ケッペンの気候区分で記号「BS」で表される、おおむね雨季に少量の雨が降るのみで丈の低い草原が広がる乾燥帯の気候区のことを何気候というでしょう？,ステップ気候,444466
織田信長から「金柑頭」というあだ名を付けられるなどの侮辱を受けていたという説がある、1582年に本能寺の変を起こして主君の信長を自害に追い込んだ戦国武将といえば誰でしょう？,明智光秀,6666
「石川や 浜の真砂は 尽きるとも 世に盗人の 種は尽きまじ」という辞世の歌を残し、京都の三条河原で釜茹での刑に処されたとされ、後に数々の歌舞伎や落語の題材になったことで知られる安土桃山時代の大盗賊は誰でしょう？,石川五右衛門,666666
宮本武蔵とともに剣道殿堂の「別格顕彰」に列せられている、徳川家康・秀忠・家光の3代の将軍に兵法や剣術の指南役として仕えた新陰流の剣豪は誰でしょう？,柳生宗矩,6666
元々は「エラスムス号」という名前で、三浦按針ことウィリアム・アダムスや耶揚子ことヤン・ヨーステンが来日した時の船として知られる、1600年に豊後に漂着したオランダの商船は何号でしょう？,リーフデ号,44446
豊臣政権の五奉行で唯一、関ヶ原の戦いに東軍として参戦し、玄孫には赤穂事件で有名な内匠頭長矩がいる、安土桃山時代の武将は誰でしょう？,浅野長政,6666
織田信長の妹・お市の方の2人目の夫で、賤ケ岳の戦いで羽柴秀吉に敗れた際にはお市の方ともども自害している、織田家に仕えた戦国武将は誰でしょう？,柴田勝家,6666
戦国時代の分国法では最大級の約170条の条文を持ち、御成敗式目の影響を強く受けていることから「伊達氏御成敗式目」とも呼ばれる、1536年に陸奥の大名・伊達稙宗が制定した法を何というでしょう？,塵芥集,666
1570年に長崎をポルトガル人のために開港したことや、甥の千々石ミゲルを自身の名代として天正遣欧使節に参加させたことでも知られる、日本初のキリシタン大名は誰でしょう？,大村純忠,6666
主に関白の職を子息に譲った人を指した呼称で、中でも豊臣秀吉が関白職を譲った後に自ら多用したことから、秀吉個人を指す呼称としても使われることが多い、漢字2字の言葉は何でしょう？,太閤,66
1572年、武田信玄が上洛の途上で織田・徳川の連合軍を大敗させ、徳川家康が浜松城まで命からがら逃げ帰ったとされる逸話で知られる合戦を何の戦いというでしょう？,三方ヶ原の戦い,6646363
関ヶ原の戦いでは眼を病んでいたため輿に乗って参戦したとされ、またその開戦前には親友の石田三成に挙兵しないよう諫めたという逸話がある、越前敦賀城主を務めた戦国武将は誰でしょう？,大谷吉継,6666
小説家・芥川龍之介の長男として生まれ、「劇団四季」の名付け親にもなった俳優は誰でしょう？,芥川比呂志,66666
1989年にCERNに勤務していたティム・バーナーズ=リーが提案した、ウェブページの制作に広く使用されるマークアップ言語を、アルファベット4文字の略称で何と言うでしょう？,HTML,2222
賤ケ岳七本槍の1人に数えられた武将で、母里友信に酒の飲み比べを持ち掛けて敗れ、秀吉から拝領した名槍・日本号を譲り渡すことになったという逸話でも知られるのは誰でしょう？,福島正則,6666
1570年から10年余りにわたり、織田信長と浄土真宗本願寺の勢力との間で続いた合戦を、本願寺があった場所の当時の地名をとって何合戦というでしょう？,石山合戦,6666
石山合戦で本願寺門徒を率い、織田信長に武力で対抗した、浄土真宗本願寺派の第11世宗主は誰でしょう？,顕如,66
豊臣秀吉の正室・ねねの甥にあたり、関ヶ原の戦いにおいて東軍に寝返り、それが西軍敗北の最大の要因になったともいわれる大名といえば誰でしょう？,小早川秀秋,66666
徳川方の軍と真田昌幸の軍との間で1585年と1600年の2度にわたって起こり、いずれも真田軍が勝利を収めた合戦のことを、その舞台となった信濃の地名から一般に何合戦というでしょう？,上田合戦,6666
関ヶ原の戦いでは西軍で最も多い1万7000人の兵力を動員してその主力となり、備前岡山57万石の大名として豊臣秀吉の五大老にも名を連ねていた人物は誰でしょう？,宇喜多秀家,66666
江戸時代初期にポルトガル人を隔離する場所として築かれ、鎖国後はオランダ人の居住と貿易が認められる唯一の場所となったことで知られる、現在の長崎市にあった人工島を一般に何というでしょう？,出島,66
神武天皇から後小松天皇までの100代の天皇の治世が全397巻にまとめられている、水戸藩主の徳川光圀が編纂を開始し、明治時代に完成した歴史書を何というでしょう？,大日本史,6666
かつてキリスト教のカトリックのことを、中国語由来の漢字3文字の言葉で何教と呼んだでしょう？,天主教,666
かつて武士が稽古として行った、笠懸・犬追物・流鏑馬の3つの馬上弓術のことを、漢字4文字の総称で何と呼ぶでしょう？,騎射三物,6666
「鎌倉五山」と呼ばれる建長寺・円覚寺・寿福寺・浄智寺・浄妙寺は、いずれも何宗の寺でしょう？,臨済宗,666
1855年に初代駐日アメリカ総領事として来日し、1858年に全権代表として日米修好通商条約を締結したアメリカの外交官は誰でしょう？,タウンゼント・ハリス,4444444444
アメリカ海軍の蒸気船の導入を推進したことから、アメリカでは「蒸気船海軍の父」とも呼ばれる、1853年に東インド艦隊の司令長官として日本の浦賀沖に来航し、翌年に全権として日米和親条約を締結した軍人は誰でしょう？,マシュー・ペリー,44444444
「天下ノ政権ヲ朝廷ニ奉還セシメ、政令宜シク朝廷ヨリ出ヅベキ事」などの項目がある、幕末に坂本龍馬が長崎から京へ向かう途中、船の上で起草したとされる8ヶ条の新国家構想のことを一般に何というでしょう？,船中八策,6666
名は「信行」という、1703年の赤穂浪士の討ち入り事件において途中で現場を離れ、後に自首して無罪となり、四十七士の中で唯一切腹を免れて天寿を全うした人物を一般に何と呼ぶでしょう？,寺坂吉右衛門,666666
その名は元々駿府にあった銀貨の鋳造所が江戸幕府により移されてきたことに由来する、現在の東京都中央区に位置する日本有数の繁華街といえばどこでしょう？,銀座,66
江戸時代に奉行所などに設けられた法廷のことを、そこに敷き詰められた砂利の色にちなんで俗に何というでしょう？,白洲,66
武市瑞山を盟主とし、大石弥太郎や中岡慎太郎、坂本龍馬らが名を連ねた、幕末に土佐で結成された尊王攘夷派の結社を何というでしょう？,土佐勤王党,66666
水戸徳川家や、老中などの幕府の要職に就いた大名などがこれにあたる、江戸時代において、参勤交代せず江戸に定住することが認められた大名のことを特に何大名というでしょう？,定府大名,6666
長崎の出島に移されるまでオランダ商館が置かれていたほか、イギリス東インド会社の商館なども置かれ、戦国時代から江戸時代初期の鎖国前にかけて国際貿易地として栄えていた、長崎県北部に位置する島は何島でしょう？,平戸島,666
複数の楽器による演奏形態で、二重奏は「デュエット」といいますが、三重奏は何というでしょう？,トリオ,444
近畿地方の大学で通称「関関同立」と呼ばれる4校のうち、唯一大阪府に本部を置いているのは何大学でしょう？,関西大学,6666
日本初の西洋式銅像のモデルとなった人物で、日本陸軍の実質的な創始者であり「維新十傑」の1人にも数えられた兵学者は誰でしょう？,大村益次郎,66666
本名は「次郎吉」といい、大名屋敷ばかりを狙って金を盗み、貧しい人たちに分け与えていたとする伝承が数々の歌舞伎や小説などの題材になっている、江戸時代後期に実在した窃盗犯を一般的な通称で何と呼ぶでしょう？,鼠小僧,666
足利尊氏の墓にムチを打ったり、京都の三条大橋で、当時の皇居の方角に向かって跪いて拝礼を行ったりしたという奇行の逸話も多く残る、「寛政の三奇人」の1人に数えられた江戸時代中期の勤王思想家は誰でしょう？,高山彦九郎,66666
『枯木鳴鵙図』『鵜図』などの作品を残した水墨画家としても活動し、兵法家としては『五輪書』を著したことで知られる、江戸時代初期に二天一流を開いた剣客を一般に何と呼ぶでしょう？,宮本武蔵,6666
徳川家3代将軍・家光の乳母として江戸城に入り、大奥の基礎を築くなど幕政に大きな影響を与え、1989年にはNHK大河ドラマの主人公として描かれ「お局様」という言葉が流行る契機になったとされる女性を、その称号で何と呼ぶでしょう？,春日局,666
司馬遼太郎の小説『菜の花の沖』で主人公として描かれている、江戸時代後期に主に蝦夷地で活動した廻船商人で、幕府がロシア海軍のゴロヴニンを捕縛した事件でその解放交渉にあたったことでも知られるのは誰でしょう？,高田屋嘉兵衛,666666
幼名は彦太郎、洗礼名をジョセフ・ヒコといった、漂流中にアメリカの船に救助されて渡米し、1858年に日本人として史上初めてアメリカ国籍を取得し、帰国後は通訳などとして活動した人物の日本名は何でしょう？,浜田彦蔵,6666
黒田清隆の総理大臣辞任から山縣有朋内閣の発足まで、約2ヶ月だけ臨時で総理大臣を兼任していたこともある、日本史上最後の太政大臣であった幕末・明治期の政治家は誰でしょう？,三条実美,6666
1871年、特命全権大使として107名の使節団を率いてアメリカやヨーロッパなどを訪問したことで知られる、日本の第2代外務卿を務めた政治家は誰でしょう？,岩倉具視,6666
1838年に大坂に適塾を開き、福沢諭吉ら多くの人材を育てたことや、天然痘の予防に尽力するなど日本の近代医学の先駆けとなったことで知られる医師は誰でしょう？,緒方洪庵,6666
筑紫君磐井が埋葬されていると推定され、九州北部の古墳では最大級の規模を誇る、福岡県八女市にある前方後円墳を何古墳というでしょう？,岩戸山古墳,66666
リラダンの小説『未来のイヴ』がその言葉を用いた初めての作品とされ、Google社が開発しているスマートフォン向けOSの名前にも使われている、「人造人間」を意味する言葉は何でしょう？,アンドロイド,444444
プロ野球の西鉄ライオンズに2年間所属した後プロゴルフ界に転向し、2人の弟とともに3兄弟プロゴルファーとして知られるようになった、「ジャンボ」の愛称で親しまれる選手は誰でしょう？,尾崎将司,6666
将棋の大山康晴十五世名人の功績を称え、彼の出身地である倉敷市などが主催者となって1993年からその争奪戦が開催されている、プロ将棋界の女流タイトルの1つは何でしょう？,倉敷藤花,6666
2019年から女流のプロ将棋界で7つ目のタイトル戦として創設された、不動産会社のヒューリックなどが主催する棋戦は何戦でしょう？,清麗戦,666
一般的に、剣道で着用する4つの防具のうち最後に身につけるのは何でしょう？,小手,66
一説に日本最古の庶民向けの学校ともいわれる、岡山藩主の池田光政により設立され、現在は建物の一部が国宝に指定されている学校史跡を何学校というでしょう？,閑谷学校,6666
会津藩で10歳以上の上級藩士の子弟に入学が義務付けられていた、会津松平家5代当主・松平容頌の時代に設立された藩校を何というでしょう？,日新館,666
江戸時代、大隈重信らを輩出した佐賀藩の藩校と、水戸学の拠点として知られた水戸藩の藩校に共通していた名称は何でしょう？,弘道館,666
江戸幕府がペリーの再来航に備えて品川沖に建設したものが特に知られる、幕末期に主に海岸部の防衛のために設けられた砲台のことを、漢字2文字の言葉で一般に何というでしょう？,台場,66
戊辰戦争の際、会津藩が10代の少年らによって結成し、飯盛山で多くの隊士が自刃した逸話で知られる部隊を一般に何隊というでしょう？,白虎隊,666
1867年に中岡慎太郎を隊長として脱藩浪士たちを中心に結成され、土佐藩の支援を受けて武力による討幕活動を展開した組織のことを何というでしょう？,陸援隊,666
愛人の「お瀧さん」の名にちなみ、アジサイの一種に「Hydrangea otaksa」という学名を提唱したという逸話でも知られる、江戸時代後期に長崎の出島に滞在し、日本に関する研究や鳴滝塾の設立などを行った学者は誰でしょう？,フィリップ・フランツ・フォン・シーボルト,44444444444444444444
1993年のサッカー・Jリーグ開幕戦で、Jリーグ史上の第1号ゴールを決めた人物である、当時ヴェルディ川崎に所属していた元選手は誰でしょう？,ヘニー・マイヤー,44444444
哲学者のキルケゴール、童話作家のアンデルセン、おもちゃメーカー・レゴの創業者のクリスチャンセンといえば出身国はどこでしょう？,デンマーク,44444
幼馴染のベン・アフレックとともに映画『グッド・ウィル・ハンティング/旅立ち』で第70回アカデミー脚本賞を受賞し、俳優としても『インビクタス/負けざる者たち』『オデッセイ』でアカデミー賞にノミネートされた人物は誰でしょう？,マット・デイモン,44444444
日本初の元号「大化」が制定されたのは西暦何年のことでしょう？,645年,0006
日本最古の刺繍とされる天寿国繍帳や、半跏思惟弥勒菩薩像などの国宝を所蔵し、聖徳太子が母親の宮殿跡に建立したとの伝承が残る、奈良県斑鳩町にある聖徳宗の寺を何寺というでしょう？,中宮寺,666
六波羅蜜寺にある、口から6体の阿弥陀仏を吐き出しているように見える彫像でも有名な、平安時代に諸国で念仏を広め、「市聖」「阿弥陀聖」などと称された僧侶は誰でしょう？,空也,66
足利尊氏とその弟・直義による二頭政治が行われていた室町幕府初期に、尊氏を補佐する高師直と直義との対立をきっかけに起こった全国的な内乱のことを何というでしょう？,観応の擾乱,66366
幕末の江戸で玄武館という道場を開いた、北辰一刀流の開祖として知られる剣客は誰でしょう？,千葉周作,6666
主に江戸時代に用いられた、過去の収穫量の平均をもとに決められた年貢高が、一定の年数、実際の収穫量に関係なく固定されるという課税方法のことを、毎年収穫量に応じて年貢率が定められた「検見法」に対して何法というでしょう？,定免法,666
戦国時代、武田氏への内通を理由として、夫の徳川家康の命により暗殺された、家康の正室であった女性のことを一般に何殿と呼ぶでしょう？,築山殿,666
代表的な著書に「鎖国」という言葉が日本で初めて用いられた翻訳書『鎖国論』や、「重力」などの訳語が初めて用いられた科学書『暦象新書』がある江戸時代の蘭学者は誰でしょう？,志筑忠雄,6666
1934年に日本で最初に指定された3つの国立公園とは、瀬戸内海国立公園、雲仙国立公園とどこでしょう？,霧島国立公園,666666
画家のゴッホが『ひまわり』を制作する様子を『ひまわりを描くゴッホ』として絵画に残している、一時期ゴッホと共同生活していたポスト印象派の画家は誰でしょう？,ポール・ゴーギャン,444444444
野球のアメリカ・メジャーリーグの球団のうち、ワールドシリーズでの優勝回数が最も多いのはどこでしょう？,ニューヨーク・ヤンキース,444444444444
ピュリッツァー賞にその名を残すジョーゼフ・ピュリッツァーが生まれた国はどこでしょう？,ハンガリー,44444
コーヒーに「珈琲」という字を当てたり、「元素」や「細胞」といった訳語を考案したりした初めての人物といわれ、著書に日本初の本格的な化学書『舎密開宗』がある、江戸時代後期の蘭学者は誰でしょう？,宇田川榕菴,66666
外務卿の井上馨が提唱し、イギリス人のジョサイア・コンドルが設計した、不平等条約改正を目指す明治政府が外国の外交官を接待する場などとして使っていた洋館を何というでしょう？,鹿鳴館,666
安土桃山時代の「安土」は滋賀県の地名ですが、「桃山」はどこの都道府県の地名でしょう？,京都府,666
1905年のポーツマス会議で日本全権として出席し、1911年には改正日米通商航海条約を調印して日本の関税自主権を回復させた元外務大臣は誰でしょう？,小村寿太郎,66666
1895年の「三国干渉」で、日本に遼東半島の返還を求めた3ヶ国とは、ロシア、ドイツとどこでしょう？,フランス,4444
1895年の「三国干渉」で、日本に遼東半島の返還を求めた3ヶ国とは、ロシア、フランスとどこでしょう？,ドイツ,444
日本の初代大蔵大臣で、日本銀行の設立や金本位制の確立などに携わり、のちに第4代・第6代の総理大臣も務めた政治家は誰でしょう？,松方正義,6666
明治政府が1874年にその制度を定めた、北方の警備と開拓を目的として北海道に入植した兵士たちのことを何というでしょう？,屯田兵,666
日光東照宮の陽明門や西本願寺の唐門などがそう呼ばれる、1日中見ていても飽きないほど立派な門のことを「一日中」を意味する古語を使って「何の門」というでしょう？,日暮の門,6636
1869年に設置され、初代長官を鍋島直正が務めた、明治時代に北海道や樺太の行政などを司った官庁は何でしょう？,開拓使,666
通称の「越前守」としても知られ、町奉行として町火消「いろは四十七組」の設立や江戸市中の経済政策などに携わった、講談や時代劇でもおなじみの人物は誰でしょう？,大岡忠相,6666
山岳信仰で知られる「出羽三山」とは、月山、羽黒山とあと1つは何山でしょう？,湯殿山,666
旅に出ることを、奈良時代の防人が任地への出発前に道中の安全を祈願したという茨城県の神社の名をとって何というでしょう？,鹿島立ち,6663
人に頭を下げられない元武士の社員に「小僧に頭を下げると思うから情けないのだ。金に頭を下げるのだ」と言ったという逸話が残る、土佐藩出身で三菱財閥の創始者となった人物は誰でしょう？,岩崎弥太郎,66666
全国の八幡宮の総本社である、大分県にある神社を何神宮というでしょう？,宇佐神宮,6666
その境内に計1，368段の石段を持つ参道や、戦国大名・長宗我部元親が神罰を恐れて慌てて奉納したために逆さに建てられたという「賢木門」がある、香川県仲多度郡に位置する神社を何宮というでしょう？,金刀比羅宮,66666
一般に、アメリカの自動車メーカーで「ビッグスリー」と呼ばれる3つの企業とは、クライスラー、ゼネラルモーターズと何でしょう？,フォード,4444
2020年の東京オリンピックではリード・スピード・ボルダリングの複合種目として実施される、同大会より新たにオリンピック競技となるスポーツは何でしょう？,スポーツクライミング,4444444444
2020年の東京オリンピックではショートボードの男子・女子2種目が実施される、同大会より新たにオリンピック競技となるウォータースポーツは何でしょう？,サーフィン,44444
弦楽器を大きく3つに分類したうちの1つで、胡弓・チェロ・バイオリンなど、弓や棒で弦をこすることで演奏する弦楽器のことを総称して何弦楽器というでしょう？,擦弦楽器,6666
弦楽器を大きく3つに分類したうちの1つで、三味線・ウクレレ・ギターなど、弦をはじくことで演奏する弦楽器のことを総称して何弦楽器というでしょう？,撥弦楽器,6666
三種の神器の1つである草薙剣を祀っている、名古屋市にある神社は何でしょう？,熱田神宮,6666
山陰では小豆汁のもの、香川では白みそ仕立てで餡餅を入れたものがあり、一般に西日本では丸餅、東日本では四角い餅が入れられる地域が多い、日本の正月に欠かせない料理といえば何でしょう？,雑煮,66
お正月の門松を飾っておく期間のことを、「松」という字を使って一般に何というでしょう？,松の内,636
白川流・吉田流・伊勢流などの作り方があり、現在は和紙のものが一般的である、特殊な断ち方や折り方をして玉串や注連縄に垂らす飾りのことを何というでしょう？,紙垂,66
冬を越しても木から落ちず、色を変えながら成り続けるという特徴からその名がついたとされ、正月の鏡餅の上に乗せるものとしても知られる果実は何でしょう？,ダイダイ,4444
沖津宮・中津宮・辺津宮の3つの宮からなる、2017年にユネスコの世界文化遺産に登録された福岡県の神社を「何大社」というでしょう？,宗像大社,6666
山号を洪隠山という京都市西京区の寺院で、その庭園の特徴から「苔寺」の通称で知られるのはどこでしょう？,西芳寺,666
善光寺がある長野市や、伊勢神宮がある伊勢市などがこれにあたる、主に中世以降に、大きな寺院や神社の周辺に形成された町のことを一般に何町というでしょう？,門前町,666
門前町の中でも、特に神社を中心とする町のことを、神社の入口に設けられることが多いある物の名をとって何町というでしょう？,鳥居前町,6666
後醍醐天皇を祭神とし、日野資朝など南朝方の武将を祀る摂社を持つ、1892年に明治天皇の意向で奈良県に創建された神社はどこでしょう？,吉野神宮,6666
正月の「矢立の神事」や、釜を炊いた時の音で吉凶を占う「鳴釜神事」などで知られる、岡山県岡山市にある備中国一之宮の神社は何神社でしょう？,吉備津神社,66666
ユネスコの世界遺産にも登録されている「日光の二社一寺」とは、東照宮、二荒山神社とあと1つは何という寺院でしょう？,輪王寺,666
「ペンは剣よりも強し」という台詞が有名な、17世紀のフランスでルイ13世の宰相も務めた枢機卿の生涯を描いた、イギリスの作家エドワード・ブルワー=リットンの戯曲は何でしょう？,リシュリュー,444444
第1回は永瀬ケイ、第2回は武田真治がグランプリを獲得している、1988年から主婦と生活社の月刊誌『JUNON』が毎年主催している美男子コンテストは何でしょう？,ジュノン・スーパーボーイ・コンテスト,444444444444444444
タイ料理で用いられる小魚を塩漬け発酵させた魚醤を、タイ語で何というでしょう？,ナンプラー,44444
1998年に横浜マリノスに吸収合併される形で解散した、現在では横浜F・マリノスの「F」にその名を残すJリーグ創設期のサッカークラブは何でしょう？,横浜フリューゲルス,664444444
茨城県と熊本県の県の鳥に指定されている、漢字では「雲雀」と書く鳥は何でしょう？,ヒバリ,444
徳川十五代将軍のうち、名前に「綱」の字が使われている将軍は何人いるでしょう？,2人,06
漢字では「慈姑」と表記する、塊茎から長い芽が出ることから縁起物として正月のおせち料理などに用いられる、オモダカ科の野菜は何でしょう？,クワイ,444
目隠しをして、顔の輪郭が描かれた紙の上に厚紙で作った目・鼻・唇などを並べ、出来上がりのおかしさを楽しむ正月遊びは何でしょう？,福笑い,663
伊達巻きや海苔巻きを作る時に使われる、細く割った竹を糸で編み連ねた調理用の小さなすだれを何というでしょう？,巻き簾,636
嬉しいことが重なったり、非常に忙しかったりする様子を、2つの年中行事を使って「何と何が一緒に来たよう」というでしょう？,盆と正月,6366
相馬御風作詞の童謡『春よ来い』の歌詞で、おうちの前でふくらんでいるのは何の木のつぼみでしょう？,桃,6
相馬御風作詞の童謡『春よ来い』の歌詞で、「おんもへ出たいと待っている」と歌われている女の子の名前は何でしょう？,みいちゃん,33333
相馬御風作詞の童謡『春よ来い』の歌詞で、 みいちゃんが履いているのは赤い鼻緒の何でしょう？,じょじょ,3333
激しい恋をすることは「身を焦がす」といいますが、結婚して家庭を持つことは「身をどうする」というでしょう？,固める,633
「アップルドーム」と呼ばれる丸みを帯びた頭を特徴とする、原産地であるメキシコの地名が付けられた、世界で最も小さい犬の品種は何でしょう？,チワワ,444
日本語では「踵骨腱」とも呼ばれる、かかとの上にある人体で最も太い腱を、ギリシャ神話に登場する英雄の名をとって何腱というでしょう？,アキレス腱,44446
コーヒー豆の「モカ」の名の由来となった港町・モカは、どこの国にあるでしょう？,イエメン共和国,4444666
「おててつないで野道を行けば」という歌い出しで始まる、清水かつら作詞、弘田龍太郎作曲の童謡のタイトルは何でしょう？,靴が鳴る,6363
その形から「伯耆富士」という別名を持つ、鳥取県及び中国地方の最高峰である標高1，729mの山は何でしょう？,大山,66
英語では「エマルシフィケーション」といい、マヨネーズやバターを作る際などに利用される、油と水など本来混じり合わない液体のうち、片方を微粒子にしてもう片方の中に分散させた状態のことを漢字2文字で何というでしょう？,乳化,66
著書に『普勧坐禅儀』『正法眼蔵』などがある、日本における曹洞宗の開祖である鎌倉時代の禅僧は誰でしょう？,道元,66
フランス語で「火にかけた鍋」という意味がある、大きく切った肉や野菜に香草を加えて煮込んだフランスの家庭料理は何でしょう？,ポトフ,444
食事用の箸より長く、料理を作る時や盛り付けの時に使われる箸を何というでしょう？,菜箸,66
勢いが盛んなことのたとえで、「千里往って千里還る」と言われる動物は何でしょう？,虎,6
それまで行動を共にした人と別れることを、和服のある部分の名前を使って「何を分かつ」というでしょう？,袂を分かつ,63633
1920年のアントワープオリンピックでは水泳の100m自由形で金メダルを獲得し、世界にサーフィンを広めた功績から「近代サーフィンの父」とも称されるハワイ出身の人物は誰でしょう？,デューク・カハナモク,4444444444
尾崎紅葉の小説『金色夜叉』で、許嫁の鴫沢宮を金の力で奪われ、復讐のために高利貸しになる主人公の男の名前は何でしょう？,間貫一,666
尾崎紅葉の小説『金色夜叉』の登場人物で、貫一の名字は間ですが、お宮の名字は何でしょう？,鴫沢,66
百年戦争でジャンヌ・ダルクに協力し勝利をもたらした一方、黒魔術のために少年少女を虐殺し、ペローの童話『青ひげ』に登場する殺人鬼・青ひげのモデルとなったという説があるフランスの貴族を一般に何と呼ぶでしょう？,ジル・ド・レ,444444
人間の思考の発達を「感覚運動段階・前操作段階・具体的操作段階・形式的操作段階」の4段階に区分することを提唱した、スイスの発達心理学者は誰でしょう？,ジャン・ピアジェ,44444444
本名を治行という、かつての『きかんしゃトーマス』の日本語版で独特のナレーションを披露していたことや、ダチョウ倶楽部の肥後克広がよくモノマネをすることで知られる俳優といえば誰でしょう？,森本レオ,6644
地球の体積の約80％を占める、地殻と核の間の層を英語で何というでしょう？,マントル,4444
3月下旬から4月にかけて降り続く雨を、その季節に咲く花の名前を使って何梅雨というでしょう？,菜種梅雨,6666
生地の縫い代の始末や縁取りの装飾などのために、布や紙をジグザグに切ることができる刻み目の入った刃を持つはさみを、英語を使って何ばさみというでしょう？,ピンキングばさみ,44444333
顔の目尻にできるしわのことを、ある鳥の名前を使って何の足跡というでしょう？,烏の足跡,6366
香川県の小豆島と姉妹島提携を結んでいる、1820年に現在ルーブル美術館が所蔵しているヴィーナス像が発見された、エーゲ海に浮かぶギリシャ領の島は何でしょう？,ミロス島,4446
田子の浦・竜田川・逢坂の関などがこれにあたる、古くから多くの和歌に詠まれてきた名所や地名のことを何というでしょう？,歌枕,66
ウエイトリフティングで「ジャーク」の前段階として行われる、バーベルを肩の位置まで持ち上げる動作のことを何というでしょう？,クリーン,4444
テントの張り綱を固定するために地面に打ち込む杭のことを、英語で「杭」を意味する言葉で何というでしょう？,ペグ,44
「クルーガー・ブレント」という大企業の社長一族の栄枯盛衰を描いた、作家シドニィ・シェルダンの代表作である小説は何でしょう？,ゲームの達人,444366
俳優のブランドン・デ・ワイルドが子役時代に演じた、名作西部劇映画『シェーン』の登場人物で、物語のラストで「シェーン、カムバック！」と叫ぶシーンが有名な少年の名前は何でしょう？,ジョーイ,4444
代表作に731部隊を描いた『悪魔の飽食』や、『人間の証明』『青春の証明』『野性の証明』の証明三部作がある日本の作家は誰でしょう？,森村誠一,6666
作詞家のジョニー・マーサーとのタッグで、映画『ティファニーで朝食を』の挿入歌『ムーンリバー』や、『酒とバラの日々』のテーマソングを作曲したアメリカの映画音楽家は誰でしょう？,ヘンリー・マンシーニ,4444444444
1988年のソウルオリンピック陸上男子100m走で9秒79の世界記録を出して優勝するも、ドーピング検査で陽性となり金メダルを剥奪された、ジャマイカ出身の元陸上選手は誰でしょう？,ベン・ジョンソン,44444444
松尾芭蕉が『おくのほそ道』の旅で訪れた最北の地にあたり、ここでの情景が「雨に西施がねぶの花」と詠まれている、現在の秋田県にかほ市に江戸時代まであった潟湖を何というでしょう？,象潟,66
日本の法律用語で、故意に火災を起こした罪を「放火罪」というのに対し、誤って火災を起こした罪を何罪というでしょう？,失火罪,666
フィレンツェのアカデミア美術館が所蔵している作品で、『旧約聖書』に登場するイスラエルの王が題材となっている、ミケランジェロが16世紀に制作した彫刻を何像というでしょう？,ダビデ像,4446
体操競技の「段違い平行棒」で、低いほうの棒の高さは170cmですが、高いほうの棒の高さは何cmでしょう？,250cm,00011
体操競技の「段違い平行棒」で使われる2本の鉄棒の高さの差は何cmでしょう？,80cm,0011
明治時代には『万法精理』という邦題で呼ばれ、主に三権分立などを唱えた本として知られている、フランスの哲学者・モンテスキューが1748年に出版した著書を一般に何というでしょう？,法の精神,6366
2017年に開業した別館「飛鳥乃湯泉」や、夏目漱石の『坊っちゃん』にも登場する本館などがある、愛媛県松山市の温泉は何温泉でしょう？,道後温泉,6666
フランス語で「円」を意味する、ケーキや洋菓子などを作る際に用いられる底のない丸い型枠の名前は何でしょう？,セルクル,4444
大正時代の日本に滞在し、日本語やエスペラントでも作品を発表した、『夜明け前の歌』などの著書があるロシア出身の盲目の詩人は誰でしょう？,ワシリー・ヤコブリエビチ・エロシェンコ,4444444444444444444
1988年に北海道壮瞥町で公式ルールが定められ、毎年2月に同町の昭和新山の麓で国際大会が行われている、7人ずつの2チームの競技者が互いに雪玉をぶつけ合うウィンタースポーツは何でしょう？,雪合戦,666
19世紀にイタリアのジュセッペ・ドナティの手によりほぼ現在の形となった、イタリア語で「小さなガチョウ」といった意味の名前を持つ笛の一種は何でしょう？,オカリナ,4444
鹿児島県民謡『おはら節』の歌い出しで、「花」は霧島と歌われますが、「煙草」はどこと歌われるでしょう？,国分,66
本名をアルフレッド・チャールズ・ウィリアム・ハームズワースという、大衆新聞の『デイリー・メール』や『デイリー・ミラー』を創刊し「イギリスの新聞王」と呼ばれた人物を、その称号から何子爵と呼ぶでしょう？,ノースクリフ子爵,44444466
国土の形と6つの民族を表す6つの星が描かれた国旗を持つ、2008年にセルビアからの独立を宣言し、日本を含む約110ヶ国から国家承認を受けているバルカン半島の国はどこでしょう？,コソボ共和国,444666
1932年と1980年の2度にわたって冬季オリンピックが開催された、アメリカ・ニューヨーク州にある保養地はどこでしょう？,レークプラシッド,44444444
1964年と1976年の2度にわたって冬季オリンピックが開催された、オーストリア・チロル州の州都である都市はどこでしょう？,インスブルック,4444444
域内にオールドフェイスフル・ガイザーという有名な間欠泉がある、アメリカにある世界で最初に指定された国立公園を何国立公園というでしょう？,イエローストーン国立公園,444444446666
声優アワードで男性声優に贈られる賞の1つにその名を残している、アニメ『宇宙戦艦ヤマト』の古代進役や『タイガーマスク』の伊達直人役などで知られた声優は誰でしょう？,富山敬,666
声優アワードで女性声優に贈られる賞の1つにその名を残している、アニメ『鉄人28号』第1作での正太郎役や、『サザエさん』で1998年まで約30年演じた磯野カツオ役などで知られた女性声優は誰でしょう？,高橋和枝,6666
その優勝杯は現役のものとしては世界最古のスポーツトロフィーであり、1983年にオーストラリアが優勝するまでアメリカの連覇が132年続いていたことでも知られる、1851年に始まった国際ヨットレースは何でしょう？,アメリカズカップ,44444444
2008年と2012年のパラリンピック車いすテニス男子シングルスで、競技史上初の2連覇を達成した日本人選手は誰でしょう？,国枝慎吾,6666
2020年の東京オリンピックの公式記録映画の監督を務めることや、日本人映画監督としては初めてカンヌ国際映画祭の審査員に選ばれたことでも知られる、『殯の森』『萌の朱雀』などの監督作がある人物は誰でしょう？,河瀬直美,6666
1984年に著書『金魂巻』の中で用いた「マル金」「マルビ」という言葉で第1回新語・流行語大賞を受賞した、イラストレーターや漫画家として活動した人物は誰でしょう？,渡辺和博,6666
日本の市をひらがなで表記した時に最も長い9文字の名前を持つ、鹿児島県にある市はどこでしょう？,南九州市,6666
優勝者には「女王」の称号が与えられる、2007年に創設された将棋の女流タイトル戦の大会名は何でしょう？,マイナビ女子オープン,4444664444
「国宝・彦根城築城400年祭」のイメージキャラクターとして2006年に誕生し、その後の「ゆるキャラ」ブームの火付け役となった猫のキャラクターといえば何でしょう？,ひこにゃん,33333
映画『地上より永遠に』や『王様と私』などでアカデミー主演女優賞に計6回ノミネートされるも受賞は1度も果たせず、1994年にアカデミー名誉賞が贈られた、往年のイギリス人女優は誰でしょう？,デボラ・カー,444444
1993年にイスラエル政府とパレスチナ解放機構の間で交わされた、パレスチナ側がイスラエルを国として認め、イスラエルがパレスチナ側の暫定自治を認めた協定のことを、その交渉の主な舞台となった地名から何合意というでしょう？,オスロ合意,44466
2006年の第1回は日本人の伊藤清が受賞した、ドイツ数学会と国際数学連合が共同で創設した賞で、社会や日常生活への数学の応用に関して優れた功績を残した人物に4年に1度授与されるのは何賞でしょう？,ガウス賞,4446
アジア人で初めてアカデミー監督賞を受賞した人物である、『ブロークバック・マウンテン』『グリーン・デスティニー』『ライフ・オブ・パイ/トラと漂流した227日』などの監督作がある台湾出身の映画監督は誰でしょう？,アン・リー,44444
2006年に本格導入され、多くがサービスエリアやパーキングエリアに併設される形をとっている、日本の高速道路において原則ETC搭載車のみが利用できる簡易的なインターチェンジのことを何インターチェンジというでしょう？,スマートインターチェンジ,444444444444
囲碁において、自分が打った手を取り消して別の場所に打つ反則行為と、アイドルの握手会で、握手が長くなり過ぎるファンをアイドルから引き離すスタッフのことを共通していう言葉は何でしょう？,剥がし,633
長崎県、鳥取県、山形県の県の鳥に指定されている、仲の良い夫婦のたとえにも用いられるカモ科の鳥は何でしょう？,オシドリ,4444
岡山県と山口県の県の木に指定されている、その林がマツタケの生産林として知られるマツ科の樹木は何でしょう？,アカマツ,4444
長野県と熊本県の県の花に指定されている、漢字では「竜胆」と書く植物は何でしょう？,リンドウ,4444
乾燥させたものは「当薬」という名で胃薬に用いられる、1000回振り出してもまだ苦味が残るということからその名が付いたリンドウ科の植物は何でしょう？,センブリ,4444
その果実の形から「ミコシグサ」とも呼ばれる、根や葉を煎じたものが下痢止めや胃薬に用いられ、服用すると効き目がすぐに現れることからその名が付いたフウロソウ科の植物は何でしょう？,ゲンノショウコ,4444444
日本の道路交通法で、原動機付自転車の法定最高速度は時速何kmと定められているでしょう？,時速30km,660011
日本の道路交通法で、高速道路の法定最低速度は時速何kmと定められているでしょう？,時速50km,660011
日本の道路交通法で、チャイルドシートの使用が義務付けられているのは何歳未満の子供でしょう？,6歳未満,0666
1993年に史上最年長で名人のタイトルを獲得した将棋棋士で、2005年から2012年まで日本将棋連盟会長を務めていた人物は誰でしょう？,米長邦雄,6666
2014年には史上最年少でノーベル平和賞を受賞している、10代の頃からタリバンによる女性への人権侵害に対する告発活動を行っていたパキスタン出身の女性人権活動家は誰でしょう？,マララ・ユスフザイ,444444444
2011年に設立され、これまでに『おおかみこどもの雨と雪』『バケモノの子』『未来のミライ』などの制作を行った、細田守監督のアニメ映画作品の制作などを行う会社を一般に何と呼ぶでしょう？,スタジオ地図,444466
イラストレーターのさかなクンが再発見に貢献したという逸話でも知られる、2010年に山梨県の西湖で生息が確認され、環境省のレッドリストにおける「絶滅」の指定が見直された、日本固有のサケ科の淡水魚は何でしょう？,クニマス,4444
将棋棋士の桐山零を主人公とし、2007年から『ヤングアニマル』で連載されている羽海野チカの漫画は何でしょう？,3月のライオン,0634444
兄の大良も同じく建築家で、代表作に青森県の十和田市現代美術館や、妹島和世とのユニット「SANAA」として手掛けた金沢21世紀美術館などがある建築家は誰でしょう？,西沢立衛,6666
2010年に「eビジネス推進連合会」として発足し、三木谷浩史が代表理事を務めている、主にインターネット関連の企業が参加している経済団体は何でしょう？,新経済連盟,66666
1976年から14代国際ペンクラブ会長を務め、2010年にはペルー人初のノーベル賞受賞者となった、小説『都会と犬ども』『世界終末戦争』などの著書がある作家は誰でしょう？,マリオ・バルガス=リョサ,444444445444
「アイスクリームの生地」という意味がある、ふわふわとした着心地で人気の、マッシュスタイルラボが運営するルームウェアブランドは何でしょう？,ジェラートピケ,4444444
2019年7月に「日本工業規格」から名称が変更される、略称を「JIS」という日本の規格は何でしょう？,日本産業規格,666666
バスケットボールで、オーバードリブルやダブルドリブルなど、ドリブルに関する反則行為のことを総称して何というでしょう？,イリーガルドリブル,444444444
だし汁に醤油や砂糖、みりんなどを加えて作られる、関東風のすき焼きや柳川鍋の煮汁として使われる調味料は何でしょう？,割下,66
皆既日食において、太陽が月にすべて隠れる直前と、再び太陽が現れた直後にだけ見られる、月の影を環状に囲むコロナの1ヶ所だけが強く輝いて見える現象を、それがある宝飾品のように見えることから何というでしょう？,ダイヤモンドリング,444444444
食材を入れた容器を直接火にかけず、湯の中に入れて間接的に熱する調理法を、漢字2文字で何というでしょう？,湯煎,66
ハモやアイナメなどの小骨が多い魚を調理する際に欠かせない、開いた身の方から皮だけは切らないように細かく包丁を入れる下処理のことを何というでしょう？,骨切り,663
底が長方形で中ほどが膨らんだ、主に旅行で使われる手提げかばんを、アメリカのある大学の学生が使っていたことにちなんで何バッグというでしょう？,ボストンバッグ,4444444
長ネギの白い部分を繊維に沿って千切りにして作られる薬味の一種を、人の体の一部にたとえて何ねぎというでしょう？,白髪ねぎ,6633
皮を剥いたショウガを繊維に沿って細切りにして作られる薬味の一種を、ある裁縫道具の名前を使って何しょうがというでしょう？,針しょうが,63333
スーツなどをハンガーにかけたまま収納し、2つ折りにして持ち運べるバッグのことを、「衣服」を意味する英語を使って何バッグというでしょう？,ガーメントバッグ,44444444
井伊直孝から酒井忠績まで計12人がその職務を務めた、必要に応じて臨時で老中の上に置かれた江戸幕府の最高職は何でしょう？,大老,66
労働組合の一部の組合員が、組合全体の承認を得ないで独自に行うストライキのことを、ある動物の名前を使って何ストというでしょう？,山猫スト,6644
日本では1980年にオーストラリアとの間で初めて協定が結ばれた、青少年が海外旅行中に滞在国で労働することを認める制度を何というでしょう？,ワーキングホリデー,444444444
ウェブサイトの運営者が企業の商品の広告を掲載し、そのリンクを通じての閲覧数や商品販売数に応じて報酬を得る仕組みの広告形態を、「提携する」という意味の英語を使って何というでしょう？,アフィリエイト,4444444
著名人や専門家に商品の良さを語らせ、視聴者に信頼感を与えることを図った広告を、「証明書」や「推薦状」を意味する英語を使って何広告というでしょう？,テスティモニアル広告,4444444466
ウェブサイトに設置されている四角形の画像広告を、「旗印」や「横断幕」を意味する英語から何というでしょう？,バナー,444
一度調理した食材を再び鍋に戻して調理することからその名が付いた、豚肉とキャベツ、ピーマンなどを炒め合わせて甜麺醤などで味付けした四川料理の1つは何でしょう？,回鍋肉,666
慣用句で、改まった様子になる時には「正し」、打ち解けて同席する時には「交え」、 感心した時には「打つ」といわれる人間の体の部位はどこでしょう？,膝,6
焼いた肉から出る汁を煮詰め、調味料などを加えて作られるソースを、「肉汁」を意味する英語を使って何ソースというでしょう？,グレービーソース,44444444
特にオレオカンタールという抗炎症成分が含まれる、国際オリーブ協会によるオリーブオイルの分類で「酸度0.8%以下で、味や香りに欠陥が1つもないもの」と定義された最高級の油を、何オリーブオイルというでしょう？,エクストラヴァージンオリーブオイル,44444444444444444
マヨネーズとケチャップを同量混ぜて作られるソースのことを、日本ではある気象現象の名前を使って何ソースというでしょう？,オーロラソース,4444444
契約書などの作成時、2部以上の文書が相互に関連することを示すために、複数の文書にまたがって1個の印を押すことを何というでしょう？,割印,66
契約書などの作成時、内容の訂正が必要になった場合に備えて、あらかじめ欄外に押しておく印を一般に何というでしょう？,捨印,66
近代五種競技で行われる、射撃とランニングを交互に行う複合競技のことを何というでしょう？,コンバインド,444444
NHK大河ドラマで、第1作目のタイトルは『花の生涯』でしたが、第2作目のタイトルは何だったでしょう？,赤穂浪士,6666
1952年から毎日新聞で連載された舟橋聖一の小説で、1963年にNHK大河ドラマ第1作として放送された同名のドラマの原作となった作品は何でしょう？,花の生涯,6366
映画『ゴッドファーザー』のテーマ音楽や、フェデリコ・フェリーニ監督の『道』『甘い生活』などの映画音楽を手がけたイタリアの作曲家は誰でしょう？,ニーノ・ロータ,4444444
妹島和世と西沢立衛の2人からなり、代表作に金沢21世紀美術館やルーヴルランスがある、2010年にプリツカー賞を受賞した建築家ユニットは何でしょう？,SANAA,22222
現在日本で「特定保健用食品」の表示の認可を出している、内閣府の外局はどこでしょう？,消費者庁,6666
大衆芸能分野で文化勲章を受章した初めての人物で、『知床旅情』の作詞・作曲者としても知られた、ミュージカル『屋根の上のバイオリン弾き』や喜劇映画の「社長」シリーズなどの主演作があるかつての国民的俳優は誰でしょう？,森繁久彌,6666
1983年に漫画『BETA!』でデビューし、『YAWARA!』『MONSTER』『20世紀少年』など多くのヒット作を描いたことで知られる漫画家は誰でしょう？,浦沢直樹,6666
2008年の第1回大会ではバッファロー吾郎が優勝し、歴代の優勝者にロバート、バイきんぐ、東京03らがいる、毎年TBSテレビで放送されるお笑いのコンテストは何でしょう？,キングオブコント,44444444
日本銀行が2005年から四半期ごとに公表している「地域経済報告」のことを、その表紙の色から通称「何リポート」というでしょう？,さくらリポート,3334444
現在日本では1円から10万円まで31種類が発行されている、国に支払うべき租税や手数料などを納付した証明として、文書などに貼付する紙のことを何というでしょう？,収入印紙,6666
1812年にドイツのフリードリッヒ・ブッシュマンが「ハンド・エリオーネ」の名で発明し、オーストリアのシリル・デミアンが改良を加えて現在の名前をつけた、日本語では「手風琴」とも呼ばれる鍵盤楽器は何でしょう？,アコーディオン,4444444
元々は茶道の精神を表すのに用いられた言葉である、生涯で一度きりの出会いを意味する四字熟語は何でしょう？,一期一会,6666
初期には「ナビ・ジャポナール」というあだ名で呼ばれるほど日本美術の影響を受けていたフランスのナビ派の画家で、代表作に『浴槽の裸婦』『逆光の裸婦』などがあるのは誰でしょう？,ピエール・ボナール,444444444
フランス料理で、ウサギやシカ、キジなどの野生動物を狩猟して得る食肉のことを総称して何というでしょう？,ジビエ,444
スコッチウィスキーとドランブイを混ぜて作られる、英語で「錆びた釘」を意味する名前のカクテルは何でしょう？,ラスティ・ネイル,44444444
1934年に関西地方を中心に約3，000人の死者・行方不明者を出した台風の通称と、それとよく似た経路を辿って関西地方に大きな被害をもたらした1961年の台風の通称に共通する、両台風の上陸地となった四国の地名は何でしょう？,室戸,66
本名を朝比奈知子といい、1953年の『想い出ワルツ』がデビュー曲であった歌手で、かつて美空ひばり・江利チエミとともに「3人娘」と呼ばれ人気を博したのは誰でしょう？,雪村いづみ,66333
英語で「ティーンエイジ」といわれる年齢とは、厳密には何歳から19歳まででしょう？,13歳,006
日本のサッカーくじ「toto」が購入できるのは何歳以上の人でしょう？,19歳,006
主に商家で、奉公人に同じ屋号の店を出すことを認め、その開業を援助したりすることを「何を分ける」というでしょう？,のれんを分ける,3333633
商家が分店を認めることは「のれんを分ける」といいますが、家系の分家を行うことは「何を分ける」というでしょう？,かまどを分ける,3333633
山号を天音山といい、能や歌舞伎などで知られる安珍と清姫の伝説の舞台となった、和歌山県日高川町の寺院は何でしょう？,道成寺,666
デビュー曲の『黒い花びら』が第1回日本レコード大賞を受賞したほか、『黄昏のビギン』『君こそわが命』などのヒット曲があった昭和の歌手は誰でしょう？,水原弘,666
敵対的買収をかけられた企業が、高い価値を持つ事業や資産を第三者に譲渡するなどして自社の価値を下げ、相手に買収を思い留まらせようとする防衛策のことを英語で何というでしょう？,クラウンジュエル,44444444
分数の中でも「5分の3」や「3分の2」のように、分子が分母より小さいもののことを特に何分数というでしょう？,真分数,666
元々は馬や犬などを繋ぎとめておく綱のことを指し、転じて人と人との間の切り離しがたい繋がりのことを意味するようになった、漢字1字の言葉は何でしょう？,絆,6
地方では「ウキギ」「キナンボ」「ウオノタユウ」などとも呼ばれ、英語では「オーシャン・サンフィッシュ」と呼ばれる、1度に最大3億個もの卵を産むことでも知られる魚の一種を一般に何と呼ぶでしょう？,マンボウ,4444
日本の道路標識の本標識を大きく4つに分けると、案内標識、警戒標識、規制標識とあと1つは何標識でしょう？,指示標識,6666
ヤード・ポンド法における長さの単位で、1フィートは何インチと定義されているでしょう？,12インチ,00444
ヤード・ポンド法における長さの単位で、1ヤードは何フィートと定義されているでしょう？,3フィート,04444
ヤード・ポンド法における長さの単位で、1ハロンは何ヤードと定義されているでしょう？,220ヤード,000444
ムエタイの技で、相手をつかまずに打つ膝蹴りをテンカオといいますが、相手をつかんで打つ膝蹴りのことを何というでしょう？,ティーカオ,44444
一般に、「半世紀」は50年間を意味しますが、「四半世紀」は何年間を意味するでしょう？,25年間,0066
フグの中でも最も美味しいとされることから「フグの王様」とも呼ばれる、胸びれの近くに黒い斑点模様を持つフグの一種を和名で何というでしょう？,トラフグ,4444
「チャンサ」と呼ばれる2人の競技者が、組み合った状態からお互いに投げを打ち合うという朝鮮半島の格闘技で、日本では「韓国相撲」の名でも呼ばれるのは何でしょう？,シルム,444
大相撲において「関取」と呼ばれるのはどの階級以上の力士でしょう？,十両,66
セイウチ、イクラ、ノルマ、コンビナートといえば、いずれも何語を語源とする外来語でしょう？,ロシア語,4446
小豆を入れたおかゆのことを、その色がある花の色に似ていることから何というでしょう？,桜粥,66
「メキシコガキ」「チューインガムノキ」とも呼ばれ、その樹液を煮詰めたものが文字通りチューインガムの原料となる、アカテツ科の常緑高木は何でしょう？,サポジラ,4444
テニスでゲームカウントが6-6または8-8になった時に行われる、先に2ポイント差をつけたほうが勝ちとなる延長戦のことを何というでしょう？,タイブレーク,444444
演劇において舞台の陰で俳優にセリフや立ち位置を教える人のことを、「促す人」といった意味がある英語で何というでしょう？,プロンプター,444444
誕生日が7月7日であることからその名前がつけられたという人物で、著書に『コンスタンティノープルの陥落』『ローマ人の物語』などイタリアや古代ローマを題材とした小説が多い日本の作家は誰でしょう？,塩野七生,6666
カクテルなどに使う「グレナディン・シロップ」のグレナディンとは、元々何の果物を材料としているという意味でしょう？,ザクロ,444
2001年にラリー・サンガーとジミー・ウェールズにより創設され、現在は約300の言語で展開されている、ユーザーが原則自由に編集に参加できるオンライン上の百科事典といえば何でしょう？,ウィキペディア,4444444
ことわざで、油断ができない状況のことを「狐に何」というでしょう？,小豆飯,666
1924年4月5日、第1回選抜中等学校野球大会の決勝戦で早稲田実業を破り、初代優勝校となった学校はどこでしょう？,高松商業学校,666666
その著書の中で、ユーラシア大陸を横断していた古代の東西交易のルートを「絹の道」と命名し、それがシルクロードという言葉の元となったことで知られるドイツの地理学者は誰でしょう？,フェルディナント・フォン・リヒトホーフェン,444444444444444444444
元々は物質を灼熱状態にするための耐火容器のことで、転じて大勢の人が熱狂している状態や、いろいろなものが入り混じっている状態のことを指す比喩表現としても使われる言葉は何でしょう？,坩堝,66
自らが大切に世話をしたり育てたりすることを、ある調味料の名前を使って「何に掛ける」というでしょう？,手塩に掛ける,663633
石清水八幡宮で元服したことから「八幡太郎」と称された、平安時代後期に陸奥国で起こった前九年の役や後三年の役で活躍し、東国における源氏勢力の基盤を築いた武将は誰でしょう？,源義家,666
ハワイ語で「斥候」という意味がある、2017年にマウイ島の天文台で発見された、観測史上初の太陽系外からの飛来物とされる恒星間天体の名前は何でしょう？,オウムアムア,444444
流体力学において流体が層流になるか乱流になるかを見分ける指標となる、慣性力と粘性力との比で定義された無次元数のことを、提唱したイギリスの物理学者の名前を取って何数というでしょう？,レイノルズ数,444446
「モーツァルト」「シューベルト」「ハイドン」「ブルックナー」という所縁ある音楽家名を冠した4つのグループに分かれて活動している、1498年に創設されたオーストリアに拠点を置く少年合唱団といえば何でしょう？,ウィーン少年合唱団,444466666
かつて木槌で布を打って柔らかくし、つやを出すために用いられた木や石の台のことで、「槌」「鐙」とともに人間の耳小骨を構成する骨の名前にもなっているのは何でしょう？,砧,6
にわか仕込みで身につかない学問のことを、生長は早いが大木にならない木にちなんで「何学問」というでしょう？,梅の木学問,63666
フィンランドの政治活動家ラウリ・ピカラによって考案された、長方形のグラウンドを使って行うフィンランド式野球のことをフィンランド語で何というでしょう？,ペサパッロ,44444
大相撲で力士が懸賞金を受け取る際に儀礼として行う、指をまっすぐに伸ばした手を、小指側を下に垂直に立て、中央・右・左と3回振り下ろすしぐさのことを「何を切る」というでしょう？,手刀を切る,66363
「橋姫」から「夢浮橋」までがこれにあたる、紫式部の『源氏物語』全54帖のうち最後の10帖のことを、その主要な舞台となった地名から何十帖というでしょう？,宇治十帖,6666
その名はシンガポールの町の創建者でもあるトーマス・ラッフルズが発見したことにちなんで付けられたもので、直径1m以上という巨大な花を咲かせることで知られる、東南アジアに分布する植物といえば何でしょう？,ラフレシア,44444
代表曲に『伝説のチャンピオン』『ボヘミアン・ラプソディ』などがある、かつてフレディ・マーキュリーがボーカルを務めていたイギリスのロックバンドは何でしょう？,クイーン,4444
1929年発表の『ローマ帽子の謎』がデビュー作にあたる、フレデリック・ダネイとマンフレッド・リーという従兄弟同士の2人が共同執筆の際に用いた推理作家としてのペンネームは何でしょう？,エラリー・クイーン,444444444
アメリカ・ニューヨーク市の5つの行政区の中では最も面積が広く、ジョン・F・ケネディ空港とラガーディア空港がともに位置している区はどこでしょう？,クイーンズ,44444
1940年の完成当時は世界最大の客船であったイギリスの船で、1972年に香港で改装中に火災を起こして転覆したものの、それ以降もその名が豪華客船に引き継がれ、現在3代目が運航されているのは何でしょう？,クイーン・エリザベス,4444444444
スウェーデン語で「バター付きパン」と「食卓」を意味する言葉がその名の語源で、いわゆるバイキング料理の原型とされる、テーブルに並んだ様々な料理を各自が自由に取って食べるスウェーデン発祥の料理形式は何でしょう？,スモーガスボード,44444444
ASEAN・東南アジア諸国連合の現在の加盟国数は何ヶ国でしょう？,10ヶ国,0046
19世紀後半からイギリスが推進した「3C政策」の「C」とは、カイロ、ケープタウンと、あと1つはどこの都市でしょう？,カルカッタ,44444
蝶などの標本を作る際に、翅を広げて固定するために用いる板のことを何板というでしょう？,展翅板,666
約57.3度を1とし、日本語では「弧度」とも呼ばれる、円周上の弧の長さを半径の長さで割ることで求められる角度の単位は何でしょう？,ラジアン,4444
本名をウィリアム・H・ボニーといい、最期は保安官パット・ギャレットに射殺されたという、西部開拓時代のアメリカの伝説的な無法者をその一般的な通称で何と呼ぶでしょう？,ビリー・ザ・キッド,444444444
魚のアラを野菜とともに煮込んで作る、青森県津軽地方の代表的な郷土料理を、アラを意味する津軽弁の言葉を用いて何というでしょう？,じゃっぱ汁,33336
ゆで卵をひき肉で包み、パン粉の衣をつけて揚げたイギリス料理を英語で何というでしょう？,スコッチエッグ,4444444
アコーディオンや提灯などに見られる山折りと谷折りの繰り返し構造を、ある動物の腹部に似ていることから漢字2文字で何というでしょう？,蛇腹,66
「カッショク」「モモイロ」「ハイイロ」などの種類がいる、長いくちばしとその下に伸び縮みする袋を持つ特徴で知られる水鳥は何でしょう？,ペリカン,4444
汗や水に濡れても落ちにくい化粧品のことを、「防水の」を意味する英語で何というでしょう？,ウォータープルーフ,444444444
慣用句で、ひどくつらい思いをする時には「なめ」、覚悟を決める時には「据え」、非常に驚く時には「潰す」といわれる人間の体の部位はどこでしょう？,肝,6
サンゴ礁やブナの葉などのように、地層が堆積した環境を推定するのに役立つ化石のことを何化石というでしょう？,示相化石,6666
呼吸や脈拍、血圧などの複数の生理現象を同時に計測・記録する装置の総称で、特に「ウソ発見器」としての用法が知られるもののことを、「多く書くこと」を意味するギリシャ語に由来する言葉で何というでしょう？,ポリグラフ,44444
主に男女関係で、一度縁の切れたものが再び一緒になることを俗に「何に火がつく」というでしょう？,焼けぼっくい,633333
人体で、胃や腸は消化器と総称されますが、心臓や血管、リンパ管などのことは何器と総称されるでしょう？,循環器,666
漬物のザワークラウトとサラダのコールスローに通常共通して使われるアブラナ科の野菜といえば何でしょう？,キャベツ,4444
主に放送局の送信所付近でみられる、特定の局の電波が強過ぎるために、他局の電波に受信障害が起きやすい地域のことを英語で何というでしょう？,ブランケット・エリア,4444444444
大麦、クローバー、小麦、カブの順に4年周期で輪作を行う農法を、18世紀にこれの起源となる農法が行われていたイギリスの州の名をとって何農法というでしょう？,ノーフォーク農法,44444466
「しあわせは歩いてこない だから歩いてゆくんだね」という歌い出しで始まる、歌手・水前寺清子が1968年に発表したヒット曲のタイトルは何でしょう？,三百六十五歩のマーチ,6666663444
混雑している様子を表す「芋を洗うよう」の「芋」とは、何という種類の芋のことでしょう？,サトイモ,4444
寄席で噺家などが座る、客席より一段高く設けられた席のことを何というでしょう？,高座,66
天気図において、高気圧が細長く張り出し、両側を低圧部に挟まれている部分のことを、ある地形にたとえて俗に何というでしょう？,気圧の尾根,66366
天気図において、低気圧が細長く張り出し、両側を高圧部に挟まれている部分のことを、ある地形にたとえて俗に何というでしょう？,気圧の谷,6636
本名を亀井静子といい、代表曲に『買い物ブギー』『東京ブギウギ』などがある、第二次大戦後に「ブギの女王」と呼ばれ一世を風靡した歌手は誰でしょう？,笠置シヅ子,66446
牛挽き肉と豚挽き肉など、異なる素材の挽き肉同士を混ぜ合わせたもののことを一般に何肉というでしょう？,合い挽き肉,63636
アメリカ50州で名前の頭に方角を表す言葉がつく5つの州とは、ノースダコタ州、サウスダコタ州、ノースカロライナ州、サウスカロライナ州と何州でしょう？,ウェストバージニア州,4444444446
花札の4月の札にホトトギスとともに描かれている植物は何でしょう？,藤,6
名前に「警察本部」と付く日本の公的機関とは、各道府県の警察本部とあと1つは何警察本部でしょう？,皇宮警察本部,666666
皇宮警察に所属し、皇族の護衛や皇居の警備などにあたる国家公務員の一種を何というでしょう？,皇宮護衛官,66666
13世紀から16世紀にかけ、朝鮮半島や中国で略奪行為や密貿易を繰り返した集団のことを、当初その大半が日本人であったとされることに由来する漢字2字の総称で何というでしょう？,倭寇,66
ギンヨウアカシアやフサアカシアといった植物の別名として使われる言葉で、ゆで卵の黄身をみじん切りにしたものを黄色い花に見立てて飾り付けたサラダの名前にもなっているのは何でしょう？,ミモザ,444
原題を『地獄のオルフェ』といい、日本では特に序曲第3部が運動会のBGMや文明堂のCMソングとしておなじみである、オッフェンバック作曲のオペレッタを一般的な邦題で何というでしょう？,天国と地獄,66366
1937年にボシュロム社が設立し、当初はアメリカ空軍のパイロットが着用するものとして広く知られていた、英語で「光線を遮る」という意味の名を持つ世界的なサングラスのブランドは何でしょう？,レイバン,4444
ギリシャ神話のアンドロメダは元々どこの国の王女として生まれたでしょう？,エチオピア,44444
ヴェルディ作曲のオペラ『アイーダ』に登場するアイーダは、元々どこの国の王女だったでしょう？,エチオピア,44444
ヴェルディ作曲のオペラ『アイーダ』に登場する、アイーダと恋に落ちるエジプト軍の司令官は誰でしょう？,ラダメス,4444
蛇足、鶏口牛後、虎の威を借る狐、漁夫の利といった故事成語の出典となった、中国・前漢の時代に編纂された書物は何でしょう？,戦国策,666
古代ヨーロッパにおいて地の果てと考えられていた、ジブラルタル海峡の入口にある南北両岸の岬のことを、あるギリシャ神話の英雄にちなむ古代の呼び名で「何の柱」といったでしょう？,ヘラクレスの柱,4444436
日本でAMラジオ局の周波数は何kHz間隔で割り当てられているでしょう？,9kHz,0121
日本の国内宛ての郵便物の分類において、点字郵便物や学術刊行物の郵便物は第何種郵便物とされているでしょう？,第4種郵便物,606666
日本の国内宛ての郵便物の分類において、新聞や雑誌など一般的な定期刊行物は第何種郵便物とされているでしょう？,第三種郵便物,666666
日本の国内宛ての郵便物の分類において、通常はがきは第何種郵便物とされているでしょう？,第2種郵便物,606666
アメリカのスポーツチームで、NHLのフライヤーズ、NFLのイーグルス、NBAの76ers、MLBのフィリーズがともに本拠地を置く都市はどこでしょう？,フィラデルフィア,44444444
童謡『青い眼の人形』の歌詞で、人形はどこで生まれたと歌われているでしょう？,アメリカ,4444
第一次世界大戦後のドイツで、ハイパーインフレを解消するために1923年に導入された、それまでの1兆マルクを1とする臨時の通貨単位は何でしょう？,レンテンマルク,4444444
フランス人仕官ジョルジュ・ダンテスとの決闘で傷を負い、その2日後に世を去った、代表作に『大尉の娘』『スペードの女王』などがあるロシアの文豪は誰でしょう？,アレクサンドル・プーシキン,4444444444444
約束や契約を破棄することを、書き損じたり不用になったりした紙を意味する言葉を使って「何にする」というでしょう？,反古にする,66333
美術監督のセドリック・ギボンズによってデザインされた、アカデミー賞で受賞者に贈られる黄金の像を一般に何像というでしょう？,オスカー像,44446
パズルゲーム『テトリス』で、一度に消去できるテトリミノの列の数は最高で何列でしょう？,4列,06
作曲家ストラヴィンスキーの三大バレエ音楽とは、1910年初演の『火の鳥』、1911年初演の『ペトルーシュカ』と、1913年初演の何という作品でしょう？,春の祭典,6366
毒を持つ生物同士が、異なる種であっても似たような外見や色彩を持つという擬態の一種を、ドイツ生まれの博物学者の名をとって何型擬態というでしょう？,ミュラー型擬態,4444666
毒を持たない生物が、毒を持つ生物に似た外見や色彩を持つことで捕食されにくくなるという擬態の一種を、イギリスの昆虫学者の名をとって何型擬態というでしょう？,ベイツ型擬態,444666
ヤコポ・ペーリ作曲の『ダフネ』が歴史上最初の作品とされ、日本語では「歌劇」という訳語でも呼ばれる、演劇と音楽によって構成された舞台芸術をイタリア語で何というでしょう？,オペラ,444
歌手マリア・カラスとの愛人関係や、ケネディ大統領の未亡人・ジャクリーンとの結婚といった女性遍歴でも知られた、「20世紀最大の海運王」との異名を持ったギリシャ人実業家は誰でしょう？,アリストテレス・オナシス,444444444444
元々は牛や羊などの胃袋から抽出されるものが使われていた、チーズを作る際に牛乳のタンパク質を固めるために用いられる酵素剤のことを何というでしょう？,レンネット,44444
自動車のF1グランプリで競われる2つのランキングとは、ドライバーズランキングと何ランキングでしょう？,コンストラクターズランキング,44444444444444
ビリヤードのショットで、「押し球」とも呼ばれるのはフォローショットですが、「引き球」とも呼ばれるのは何ショットでしょう？,ドローショット,4444444
ビリヤードのショットで、「引き球」とも呼ばれるのはドローショットですが、「押し球」とも呼ばれるのは何ショットでしょう？,フォローショット,44444444
同じ大きさの円でも、いくつもの大きな円に囲まれているものと、小さな円に囲まれているものとでは違った大きさに感じるという例に代表される、大きさの知覚に関する錯視のことを、発見者であるドイツ人の名をとって何錯視というでしょう？,エビングハウス錯視,444444466
1636年にマサチューセッツ州ケンブリッジにて創立された、アメリカ最古の大学は何大学でしょう？,ハーバード大学,4444466
3色ボールペン読書術を提唱したことや、ベストセラー『声に出して読みたい日本語』の著者として知られ、テレビ番組のコメンテーターなどとしても活躍する教育学者は誰でしょう？,齋藤孝,666
日本の都道府県のうち、畳表に用いられるイグサの国内生産量で9割以上を占めているのはどこでしょう？,熊本県,666
オリンピックの陸上競技で、三段跳び、マラソンに続いて日本選手が金メダルを獲得した3つめの種目である、2004年のアテネ大会で室伏広治が優勝した種目は何でしょう？,ハンマー投,44446
日本の都道府県で、井村屋グループ、おやつカンパニー、赤福といった菓子メーカーが本社を置いているのはどこでしょう？,三重県,666
たけのこを混ぜたケチャップライスまたはバターライスの上にトンカツを乗せ、デミグラスソースをかけて食べる、北海道根室市のご当地グルメは何でしょう？,エスカロップ,444444
1945年に米州諸国会議で決議された、アメリカ大陸の地域的集団安全保障に関する取り決めのことを、その会議が開催されたメキシコシティの城の名前をとって何決議というでしょう？,チャプルテペク決議,444444466
一般には「水戸黄門」の通称で広く知られている、水戸藩の第2代藩主の本名は何でしょう？,徳川光圀,6666
1969年に東野英治郎の主演で第1部が開始され、西村晃、佐野浅夫、石坂浩二、里見浩太朗が歴代の主演を務めた、かつてTBS系列で42年にわたってレギュラー放送された時代劇シリーズは何でしょう？,水戸黄門,6666
携帯機器向けテレビ放送「ワンセグ」で、「ワン」は数字の1のことですが、「セグ」は何という英単語の略でしょう？,セグメント,44444
著書に『古代への情熱』があり、ミケーネ遺跡やトロイア遺跡を発掘したことで知られる、19世紀のドイツの考古学者は誰でしょう？,ハインリヒ・シュリーマン,444444444444
1820年にエーゲ海の島でヨルゴスという小作農により発見され、現在はパリのルーブル美術館が所蔵している、古代ギリシャの女性の彫刻のことを、ローマ神話の女神の名を用いて一般に何と呼ぶでしょう？,ミロのヴィーナス,44344444
作曲家の古関裕而とのコンビで『鐘の鳴る丘』『君の名は』『放浪記』など数々のラジオドラマや映画、舞台劇の脚本を手掛けた、戦後日本を代表する劇作家は誰でしょう？,菊田一夫,6666
鉄道駅やバス停、高速道路の路線などに、固有名とは別に番号または数字とアルファベットを組み合わせた記号を付け、日本人以外の旅行客などにも分かりやすくする取り組みのことを一般に何というでしょう？,ナンバリング,444444
オオカミに育てられたモーグリという少年を主人公とする話など7つの短編と詩からなる、ラドヤード・キップリングが書いた児童文学作品をその英題から何というでしょう？,ジャングル・ブック,444444444
選挙の立候補人数は選挙区の選出人数より1人多い状態に収束していくという法則を、これを提唱したフランスの政治学者の名をとって何の法則というでしょう？,デュヴェルジェの法則,4444444366
スウィフトの小説『ガリバー旅行記』の第4篇に登場する、フウイヌムという馬の姿の生き物に支配されている人間のような姿の生き物は何でしょう？,ヤフー,444
英検こと「実用英語技能検定」は、全部でいくつの級に分かれているでしょう？,7つ,03
英検こと「実用英語技能検定」は、1年に何回実施されているでしょう？,3回,06
作詞・作曲をする際には「さくらなな」というペンネームを用いる、『祝い酒』『夜桜お七』『また君に恋してる』などの代表曲がある演歌歌手は誰でしょう？,坂本冬美,6666
作詞・作曲をする際には「弾厚作」というペンネームを用いる、歌手として『君といつまでも』などのヒット曲、俳優として映画『若大将』シリーズなどの主演で知られるタレントは誰でしょう？,加山雄三,6666
1581年から85年までフランス・ボルドーの市長を務めていた、随筆集『エセー』の中の「我、何をか知る」という言葉で有名な、フランスの思想家は誰でしょう？,ミシェル・ド・モンテーニュ,4444444444444
2008年まで赤岡典明とともに「号泣」というお笑いコンビを組んでいた、現在は手相診断やパワースポットなどの知識をネタに活動しているホリプロコム所属のピン芸人は誰でしょう？,島田秀平,6666
相米慎二監督の遺作となった映画のタイトルにもなっている、晴れた空に花びらがちらちらと舞うように降る雪を何というでしょう？,風花,66
テレビドラマや映画などで、通行人などその他大勢の役で出演する人を、「臨時の」を意味する英語で何というでしょう？,エキストラ,44444
盲導犬候補となる生後2ヶ月前後の子犬を、約10ヶ月間一般家庭で預かり育てるボランティアを、「子犬」を意味する英語を使って何というでしょう？,パピーウォーカー,44444444
日本では「ロト6」で初めて採用された、宝くじにおいて当選者がいなかった場合に、配当金を次回に繰り越す制度のことを英語で何というでしょう？,キャリーオーバー,44444444
1122年に神聖ローマ皇帝ハインリヒ5世とローマ教皇カリクストゥス2世が結んだ、聖職者の叙任権を教皇にのみ認めて叙任権闘争を終結させた協約を、和議が行われたドイツの都市から何協約というでしょう？,ヴォルムス協約,4444466
ペルーとボリビアにまたがる、船舶が航行できる湖としては世界最高所に位置する湖は何でしょう？,チチカカ湖,44446
日本の舞踊家・千葉躬春がスペインのカスタネットをヒントに考案した、2枚の木板を蝶番でつないだ打楽器は何でしょう？,ミハルス,4444
腹ばいになって日光浴することを、亀の習性にたとえて「何干し」というでしょう？,甲羅干し,6663
東京都千代田区の地名で、中央省庁の多くが所在し、特に外務省の代名詞となっているのはどこでしょう？,霞が関,636
DNAを構成するアデニンとチミンの数、シトシンとグアニンの数はそれぞれ等しいという法則を、発見したオーストリア出身の生化学者の名前を取って何の法則というでしょう？,シャルガフの法則,44444366
そのファンを「馬の骨」とも呼ぶ、テレビアニメ『剣風伝奇ベルセルク』や、今敏監督のアニメ映画『千年女優』『パプリカ』などへの楽曲提供で知られる日本のミュージシャンは誰でしょう？,平沢進,666
舞台稽古の際に役名の無いキャストたちが、そこより前に出ないようにと引かれる線のことで、1975年にブロードウェイで初演された舞台オーディションを題材にしたミュージカルのタイトルにもなっているのは何でしょう？,コーラスライン,4444444
1873年に実在気体の状態方程式を提唱し、その式で導入された分子間で働く引力に名前を残している、1910年にこの状態方程式の研究の評価によりノーベル物理学賞を受賞したオランダの物理学者は誰でしょう？,ヨハネス・ファン・デル・ワールス,4444444444444444
バヌアツのペンテコスト島で行われてきた成人の通過儀礼がその起源とされる、両足に紐を縛りつけて高い場所から飛び降りるアトラクションは何でしょう？,バンジージャンプ,44444444
赤塚不二夫の漫画『おそ松くん』に登場する、「ザンス」を語尾につけることや「シェー」のギャグで知られるレギュラーキャラクターといえば誰でしょう？,井矢見,666
予期せぬ幸運を意味する「たなぼた」を略さず言うと何でしょう？,棚からぼたもち,6333333
イギリス・ロンドンの地下鉄のことを、そのトンネルの形状にちなんだ俗称で何というでしょう？,チューブ,4444
1967年にドイツの航空機メーカー・メッサーシュミットが初めて採用したとされる、労働者が自らの労働時間を規定の範囲内で自由に決められる制度のことを一般に何制というでしょう？,フレックスタイム制,444444446
北野武が初めて監督を務め、自らビートたけし名義で主演も務めている、1989年公開の映画は何でしょう？,その男、凶暴につき,336566333
日本語では「資金洗浄」と呼ばれる行為で、犯罪により得た資金を、口座間の出入金や投資などの合法的手段を通じて出所を分からなくすることを英語で何というでしょう？,マネーロンダリング,444444444
1996年まで旅館として運営されていた、作家・太宰治の生家を改装した青森県五所川原市にある記念館を、彼の作品名にちなんで何館というでしょう？,斜陽館,666
映画監督として『最愛の大地』『不屈の男 アンブロークン』などの作品も手がけている、主演作に映画『トゥームレイダー』『Mr.&Mrs. スミス』『マレフィセント』などがあるアメリカの女優は誰でしょう？,アンジェリーナ・ジョリー,444444444444
弦楽器で弦を巻いて調律する部品と、テントを張るために地面に打ち付ける杭に共通する英語名は何でしょう？,ペグ,44
三角形の五心のうち、3つの内角の二等分線が交わる点を何というでしょう？,内心,66
1944年のシカゴ条約に基づいて1947年に発足された、カナダのモントリオールに本部を置く「国際民間航空機関」のことを、アルファベット4文字の略称で何というでしょう？,ICAO,2222
長岡半太郎、本多光太郎とともに「理研の三太郎」と称された、米ぬかからビタミンB1を発見し、オリザニンと命名したことで知られる農学者は誰でしょう？,鈴木梅太郎,66666
トランプゲームのポーカーにおいて、毎回参加者のうちの2人がカードの配布前に必ず賭け金を支払うというルールを何・ベットというでしょう？,ブラインド・ベット,444444444
アニメ『母をたずねて三千里』で、母親を探す旅に出る主人公の少年の名前は何でしょう？,マルコ,444
日本語の「出歯亀」にあたる英語で、覗き見の趣味のある人のことを、ある人名を使った俗語で何というでしょう？,ピーピング・トム,44444444
代表曲に『有心論』『おしゃかしゃま』『前前前世』などがある、野田洋次郎がボーカルを務める日本のロックバンドは何でしょう？,RADWIMPS,22222222
日本三大急流に数えられる3つの川とは、球磨川、富士川と何川でしょう？,最上川,666
漫画『金田一少年の事件簿』の主人公である少年の名前は金田一何でしょう？,一,6
山号を日沢山という、秩父三十四箇所観音霊場の結願寺にして日本百観音の結願寺でもある埼玉県の寺院は何でしょう？,水潜寺,666
土田晃之、劇団ひとり、有吉弘行などのお笑い芸人が所属している、芸能プロダクションはどこでしょう？,太田プロダクション,664444444
漢字では「苦力」と書く、19世紀にヨーロッパ諸国が植民地にしていたアジアやアフリカで酷使された、中国人やインド人の下層労働者を指す言葉は何でしょう？,クーリー,4444
体操競技の平行棒の技「棒上後方かかえ込み2回宙返り腕支持」を、それを初めて国際大会で成功させた日本の体操選手の名前から何と呼ぶでしょう？,モリスエ,4444
三角形の五心のうち、唯一1つの三角形に3つ存在するものは何でしょう？,傍心,66
異なる2種類の金属を接合して温度差を生じさせると電圧が発生するというように、物体の温度差が直接電圧に変換される現象を、発見したドイツの物理学者の名前から何効果というでしょう？,ゼーベック効果,4444466
エスキモーのポポとナナを操作して氷山の頂上を目指すという内容の、1985年に任天堂から発売されたファミリーコンピュータ用のアクションゲームは何でしょう？,アイスクライマー,44444444
自動車レースの「ダカールラリー」で知られるダカールとは、どこの国の首都でしょう？,セネガル共和国,4444666
日本煙火協会の検査を合格した家庭用花火に付けられるマークを、2文字のアルファベットを使って何マークというでしょう？,SFマーク,22444
その名は奈良県を流れる紅葉の名所の川に由来する、鶏や魚などの肉に下味をつけ、片栗粉をまぶして油で揚げた料理のことを何揚げというでしょう？,竜田揚げ,6663
考案者とされる江戸時代の茶人の名がつけられた料理で、醤油、酒、みりんを同量混ぜ、柚子などで風味をつけた合わせ調味料に魚肉を数日漬け込んでから焼き上げるものを何焼きというでしょう？,幽庵焼き,6663
アニメ『サザエさん』で、ノリスケが担当編集者を務め、サザエさん一家の隣の家に住んでいる小説家の名前は何でしょう？,伊佐坂難物,66666
火を神聖視することから「拝火教」という別名でも呼ばれ、かつてササン朝ペルシャが国教としていた宗教を、その開祖の名にちなんだ名称で一般に何教というでしょう？,ゾロアスター教,4444446
『新約聖書』で、洗礼者ヨハネがイエス・キリストに洗礼を授けたとされる川は何川でしょう？,ヨルダン川,44446
本人の力ではなく親の名声や影響力により世間での恩恵にあずかることを、俗に「親の何」というでしょう？,七光り,663
麻薬や覚醒剤などの常習者が、薬の使用を中止しても一定期間、幻覚や妄想などの症状の再発に見舞われるという現象を一般に何というでしょう？,フラッシュバック,44444444
映画監督として『すべてをあなたに』と『幸せの教室』の2作品を手がけている、主演作に映画『フォレスト・ガンプ』『プライベート・ライアン』『ダ・ヴィンチ・コード』などがあるアメリカの俳優は誰でしょう？,トム・ハンクス,4444444
卓球のラケットの持ち方を大きく2つに分けると、ペンホルダーと何でしょう？,シェークハンド,4444444
卓球のラケットの持ち方を大きく2つに分けると、シェークハンドと何でしょう？,ペンホルダー,444444
鳥山明の漫画『Dr.スランプ』の主人公・アラレちゃんの名字は何でしょう？,則巻,66
1867年に徳川慶喜が大政奉還を諮問したことや、鴬張りの廊下があることで知られる、京都市にある城は何でしょう？,二条城,666
鳥山明の漫画『Dr.スランプ』で、主人公・則巻アラレらが住んでいる村の名前は何でしょう？,ペンギン村,44446
第25回夏季オリンピックの開催都市で、競泳女子200m平泳ぎでは14歳の岩崎恭子が金メダルを、マラソンでは有森裕子が銀メダルを獲得した場所として知られるのはどこでしょう？,バルセロナ,44444
過去に冬季オリンピックが開催されたフランスの3つの都市とは、1924年のシャモニー＝モンブラン、1968年のグルノーブルと、1992年のどこでしょう？,アルベールビル,4444444
フランス語で「小さな家」という意味がある、日本では一般に集合住宅において、1つの住戸の中に内階段を持ち、2階以上のフロアに跨る物件のことを指す言葉は何でしょう？,メゾネット,44444
本名を濱伸二といい、映画『ブラック・レイン』での暴力団員役でハリウッドデビューも果たしている、「大阪名物パチパチパンチ」「ポコポコヘッド」などのギャグを持っていたお笑い芸人は誰でしょう？,島木譲二,6666
日本の中央省庁で初めてカタカナを含む名前がつけられた、1973年に設置された経済産業省の外局は何庁でしょう？,資源エネルギー庁,66444446
楽譜の強弱記号で、「f」はフォルテと読みますが、「mf」は何と読むでしょう？,メゾフォルテ,444444
楽譜の強弱記号で、「f」はフォルテと読みますが、「ff」は何と読むでしょう？,フォルティッシモ,44444444
日本の中央省庁で名前にカタカナを含む2つの庁とは、資源エネルギー庁と何庁でしょう？,スポーツ庁,44446
710年に元明天皇により藤原京から遷都された、現在の奈良県にあった都を一般に何と呼ぶでしょう？,平城京,666
雑誌などで、1回の掲載で完結する作品や記事のことを、複数回にわたって続けて掲載される「連載」に対して特に何というでしょう？,読み切り,6363
卓球で、最終ゲームのコートチェンジ時と各ゲームの開始からポイントが6の倍数になった時に認められている、競技中に汗を拭く行為を何というでしょう？,タオリング,44444
韓国料理のキムチの中でも、特に角切りの大根を使ったものを何というでしょう？,カクテキ,4444
橋幸夫、西郷輝彦とともに「御三家」と呼ばれる、代表曲に『高校三年生』がある歌手は誰でしょう？,舟木一夫,6666
慣用句で、貧しいながらも何とか生計を立てて暮らしていくことを、「おかゆをすする」という意味の言葉を使って「何をしのぐ」というでしょう？,糊口をしのぐ,663333
同じく本拠地をシカゴに置くホワイトソックスとの対戦は「ウィンディシティ・シリーズ」と呼ばれる、アメリカ・メジャーリーグのナショナルリーグに所属する野球チームは何でしょう？,シカゴ・カブス,4444444
1954年に小平邦彦とともに第3回フィールズ賞、2003年には単独で第1回アーベル賞を受賞している、代数幾何学や整数論などの分野で名を馳せたフランスの数学者は誰でしょう？,ジャン=ピエール・セール,444544444444
日本語では「最頻値」という、統計資料において最も現れる度数の多い値を英語で何というでしょう？,モード,444
日本語では「中央値」という、統計資料において複数の数値を小さい順に並べた時に中央に位置する値を英語で何というでしょう？,メジアン,4444
人が逃げ去ったあとの寝床や住居のことを、セミやヘビが脱皮したあとの抜け殻にたとえて「何の殻」というでしょう？,蛻の殻,636
ミュージカル『マンマ・ミーア！』に多くの楽曲が使用されている、代表曲に『ダンシング・クイーン』『マネー、マネー、マネー』などがあるスウェーデンの4人組音楽グループは何でしょう？,ABBA,2222
魚の頭を口の中心から包丁で縦半分に切断する調理法を、ある果物の名前を使って何割りというでしょう？,梨割り,663
「登龍門」の故事で、龍門という急流を登りきって龍になったと伝わる魚は何でしょう？,鯉,6
「登龍門」の故事でも伝わる龍門を登れなかった鯉は額に傷を負って帰るという説話に由来する、試験に落第することを表す漢字2文字の言葉は何でしょう？,点額,66
漢字では「畳紙」と書く、着物を包む際に使われる和紙を特に何紙というでしょう？,たとう紙,3336
分母が異なるいくつかの分数を、大きさを変えずに同じ分母を持つ分数に直すことを何というでしょう？,通分,66
メーカーが製品の希望小売価格を定めず、小売業者で自由に販売価格を決められる方式のことを、一般に何価格というでしょう？,オープン価格,444466
大相撲で、本場所のない期間中に力士が全国各地を回って取組や催し物などを披露する興行を何というでしょう？,巡業,66
飛行機の機内で、客室乗務員が食事を準備する場所を英語で何というでしょう？,ギャレー,4444
株価や物価が際限なく上がり続けることを、ある色を使って「何天井」というでしょう？,青,6
1999年のパラグアイ大会では日本代表も招待国として出場している、南米サッカー連盟に加盟するナショナルチームが参加して行われるサッカーの国際大会を何というでしょう？,コパ・アメリカ,4444444
数字選択式の宝くじで、コンピュータがランダムに数字を選択したくじを購入する方法を何というでしょう？,クイックピック,4444444
韓国料理のキムチの中でも、特にキュウリを使ったものを何キムチというでしょう？,オイキムチ,44444
韓国料理のキムチの中でも「キムチの王様」と形容される、イカやエビなどの魚介類を白菜で包んで漬けたものを、「包む」という意味の韓国語を使って何キムチというでしょう？,ポッサムキムチ,4444444
国旗の中央に「スレイマンの星」と呼ばれる緑色の星が描かれている、首都をラバトに置くアフリカの国はどこでしょう？,モロッコ王国,444466
世界征服を企む黒十字軍に立ち向かう海城剛ら5人の若者の活躍を描いた、1975年に放送を開始した特撮ドラマ・スーパー戦隊シリーズの第1作は『秘密戦隊 何』でしょう？,秘密戦隊ゴレンジャー,6666444444
三井グループの企業で組織する三井広報委員会が提供を務める、プロ野球のセ・パ各リーグでシーズンを通して卓越した守備を披露した選手に贈られる賞は何賞でしょう？,ゴールデングラブ賞,444444446
試合に選出された選手に帽子が贈られたことに由来する、ラグビーで国の代表同士が対戦するテストマッチに出場することを指す言葉は何でしょう？,キャップ,4444
プロボクシングの階級は、体重別により全部でいくつの階級に分かれているでしょう？,17,00
「打鐘」とも呼ばれる、競輪でゴールまで残り1周半から1周の間に打ち鳴らされる鐘のことを、その音から通称で何というでしょう？,ジャン,444
1976年のモントリオールオリンピックの段違い平行棒・平均台で、オリンピックの体操競技では初の10点満点を記録した、「白い妖精」とも称されたルーマニアの女子体操選手は誰でしょう？,ナディア・コマネチ,444444444
正式名称を「全日本実業団対抗駅伝競走大会」という駅伝の大会を、その開催日にちなんだ通称で何駅伝というでしょう？,ニューイヤー駅伝,44444466
デビューから40作連続でシングルCDのオリコンランキング初登場1位という記録を持ち、『愛されるより愛したい』『硝子の少年』『全部だきしめて』などの曲がある、ジャニーズ事務所所属の男性デュオは何でしょう？,KinKiKids,211212111
日本パンダ保護協会名誉会長やユニセフ親善大使といった肩書きを持ち、著書に『窓際のトットちゃん』などがあるタレントで、クイズ番組『世界ふしぎ発見！』の解答者としてもおなじみなのは誰でしょう？,黒柳徹子,6666
多角形のうち、唯一対角線を持たないのは何角形でしょう？,三角形,666
多角形のうち、唯一内角の和と外角の和が等しいのは何角形でしょう？,四角形,666
歴史書『大鏡』において、大宅世継とともに主な語り手として登場する180歳の老人は誰でしょう？,夏山繁樹,6666
歴史書『大鏡』において、夏山繁樹とともに主な語り手として登場する190歳の老人は誰でしょう？,大宅世継,6666
9月1日が防災の日に指定されるきっかけとなった、1923年9月1日に発生した地震災害のことを一般に何大震災というでしょう？,関東大震災,66666
3本の「スタンプ」と2個の「ベイル」からなり、いずれかが倒れたり落ちたりすると打者が原則アウトになる、クリケットで競技場に立てられる柱状のものを何というでしょう？,ウィケット,44444
10弦ギターの開発者でもあり、ルネ・クレマン監督の映画『禁じられた遊び』でメインテーマ『愛のロマンス』などすべての音楽を手掛けたことで知られる、スペインのギタリストは誰でしょう？,ナルシソ・イエペス,444444444
フランス語で「たまり場」といった意味がある言葉で、ホテルや劇場の出入口付近にある広い休憩スペースのことを何というでしょう？,ホワイエ,4444
ミッキーマウスの誕生日が11月18日であるのはこの作品の公開日にちなんでいる、1928年にミッキーマウスが初めてスクリーンデビューを果たした短編アニメ映画は何でしょう？,蒸気船ウィリー,6664444
京都の天竜寺や修学院離宮の庭園などに用いられている、庭園外の山や森などを庭園の背景の一部に見立てて取り込む造園技術のことを何というでしょう？,借景,66
電流の方向を右ねじの進む方向に見立てた時、電流を流すと右ねじが回る向きの磁場が生じるという法則を、これを発見したフランスの物理学者の名をとって何の法則というでしょう？,アンペールの法則,44444366
1959年にイタリア・トリノで第1回夏季大会、1960年にフランス・シャモニーで第1回冬季大会が開催された、国際大学スポーツ連盟が2年に1度主催する、大学生を対象とした国際競技大会は何でしょう？,ユニバーシアード,44444444
ジャマイカの男子ボブスレーチームが1988年のカルガリーオリンピックに出場した実話を基に製作された、1993年公開のジョン・タートルトーブ監督のスポーツコメディ映画は何でしょう？,クール・ランニング,444444444
柔道や剣道の5人制の団体戦で、真ん中の3番手の選手のことを一般に何と呼ぶでしょう？,中堅,66
主な卒業生にサッカー選手の今野泰幸、プロ野球選手のダルビッシュ有、フィギュアスケーターの羽生結弦などがいる、宮城県仙台市にある私立高校はどこでしょう？,東北高校,6666
テレビ番組で、VTRや中継先の映像を見ている出演者を映し出す小窓のような画面を、「拭き取る」という意味の英語で何というでしょう？,ワイプ,444
心配することがなく安心して寝ることを、ある寝具を使って「何を高くする」というでしょう？,枕を高くする,636333
2つの物体の質量の積に比例し、その距離の2乗に反比例する、17世紀にイギリスの物理学者ニュートンが発見した、質量を持つすべての物体の間に働く互いに引き合う力を日本語で何というでしょう？,万有引力,6666
柔道や剣道の5人制の団体戦で、1番手の選手を「先鋒」と呼びますが、2番手の選手を一般に何と呼ぶでしょう？,次鋒,66
自動車の走行距離の積算計で、リセットできるものをトリップメーターといいますが、リセットできないものを何メーターというでしょう？,オドメーター,444444
2019年3月には奄美大島と宮古島に新設される、陸上自衛隊の部隊が平時に活動の拠点としている基地を何というでしょう？,駐屯地,666
幅1.5ｍ～2m、長さ14mと規定されている、フェンシングの試合が行われるコートのことを何というでしょう？,ピスト,444
アマチュアレスリングで、フォール勝ちを収めるには相手の両肩をマットに何秒つける必要があるでしょう？,1秒,06
荒川静香が得意とした「レイバック」との組み合わせ技がよく知られる、両足を前後に開き、つま先を外側に大きく開きながら横に滑るフィギュアスケートの技を、考案した旧西ドイツの女性選手の名前から何というでしょう？,イナバウアー,444444
主人公・外村直樹がピアノの調律師として成長していく様子を描いた、2016年の第13回本屋大賞を受賞した宮下奈都の小説は何でしょう？,羊と鋼の森,63636
落語で、客の笑いを誘うために演者が盛り込む、話の本筋には関係ない駄洒落を何というでしょう？,くすぐり,3333
公営競技のボートレースで、1回のレースで出走するボートの数は何艇でしょう？,6艇,06
ビリヤードでゲームを始める際に行う、中央に固められた的球を散らすショットを何ショットというでしょう？,ブレイクショット,44444444
カードゲーム「UNO」で、次の人の順番を飛ばすために出すカードは何でしょう？,スキップ,4444
「run for money」という副題がある、エリア内で指令をクリアしつつハンターから一定時間逃げ切ると賞金を獲得できるという内容の、フジテレビ系列で放送されているゲームバラエティ番組は何でしょう？,逃走中,666
伝統派空手で、打撃が相手に当たる直前で拳や足を止めることを何というでしょう？,寸止め,663
1936年のベルリンオリンピックから導入された、ギリシャのオリンピアで点火させたトーチをオリンピックの開催地まで多くのランナーが交代で運ぶ慣習を何というでしょう？,聖火リレー,66444
ロックバンドでは史上最多となる22度のグラミー賞受賞を記録している、ボノがボーカルを務めるアイルランドのロックバンドは何でしょう？,U2,20
1985年に雑誌『りぼんオリジナル』に掲載された『あの夏』でデビューした、代表作に『ご近所物語』『NANA』などがある漫画家は誰でしょう？,矢沢あい,6633
現在はタレントの千秋が声を担当している、テレビアニメ『ドラえもん』に登場するドラえもんの妹は何でしょう？,ドラミ,444
船舶の航行において船首を左側に向ける舵の取り方を、右側に向ける「面舵」に対して何舵というでしょう？,取舵,66
船舶の航行において船首を右側に向ける舵の取り方を、左側に向ける「取舵」に対して何舵というでしょう？,面舵,66
紫式部の著書『源氏物語』第14帖の巻名にもなっている、河口などで船舶の航路を示すために立てられた杭を何というでしょう？,澪標,66
日本の南北朝時代を舞台に、主君・桃井若狭之助を辱めた高師直に対する大星由良之助ら47人の志士の復讐譚を描いた、江戸時代の元禄赤穂事件を題材にした人形浄瑠璃と歌舞伎の演目は何でしょう？,仮名手本忠臣蔵,6666666
カードゲーム「UNO」で、次の人が出すカードの色を、赤・青・緑・黄の4色から指定できるカードは何でしょう？,ワイルド,4444
カードゲーム「UNO」の販売権を保有している、主な製品にバービー人形があるアメリカの玩具メーカーは何でしょう？,マテル,444
アマチュアレスリングで男子の試合のみ採用されている、腰から下への攻撃が禁止されている種目を何スタイルというでしょう？,グレコローマンスタイル,44444444444
アマチュアレスリングで、相手の両肩を1秒以上マットに付けて勝利することを英語で何というでしょう？,フォール,4444
従業員に過重労働を強制するなど、違法または劣悪な雇用条件で働かせる企業のことを、ある色を使った俗称で何企業というでしょう？,ブラック企業,444466
企業の経営者や従業員が、あらかじめ決められた価格で自社株を購入できる権利のことを、英語で何というでしょう？,ストックオプション,444444444
「ロボロフスキー」「ジャンガリアン」「ゴールデン」などの種類がいる、主にペットとして繁殖されているキヌゲネズミ科の動物は何でしょう？,ハムスター,44444
日本の二千円紙幣の裏面にその場面が描かれている、紫式部が著した『源氏物語』第38帖の巻名は何でしょう？,鈴虫,66
コンピュータなどのソフトウェアや周辺機器を作るメーカーのうち、そのコンピュータ本体を製造している企業と直接の関係がない外部の企業のことを、「第三者」を意味する英語を使って何というでしょう？,サードパーティ,4444444
主に花崗岩や閃緑岩、斑れい岩などが分類される、マグマから生成される火成岩の中でもゆっくりと冷えて固まったものを何岩というでしょう？,深成岩,666
主に流紋岩や安山岩、玄武岩などが分類される、マグマから生成される火成岩の中でも急激に冷えて固まったものを何岩というでしょう？,火山岩,666
通称で「PL法」とも呼ばれる、商品の欠陥により消費者が損害を被った際に製造業者などが負う賠償責任について定めた、1995年施行の日本の法律を何法というでしょう？,製造物責任法,666666
本名を茂次郎といい、岡山市や群馬県の伊香保温泉などに記念館や専門の美術館がある、『女十題』や『黒船屋』など数多くの美人画を残した大正時代の日本画家は誰でしょう？,竹久夢二,6666
日本女子サッカーリーグの1部リーグのことを、ある花の名前を使って何リーグというでしょう？,なでしこリーグ,3333444
日本女子サッカーリーグの1部リーグで最多の優勝回数を誇る、東京都稲城市を本拠地とするサッカークラブは何でしょう？,日テレ・ベレーザ,64444444
日本女子サッカーリーグの冠スポンサーを務めている、定食レストランの「やよい軒」や、持ち帰り弁当店の「ほっともっと」などのフランチャイズを運営する会社は何でしょう？,株式会社プレナス,66664444
経済学者ロイ・ハロッドが著書『ケインズ伝』で唱えた、経済政策の立案・決定は公正無私なエリートが実践して初めて成立するという仮説を、ケインズの出生地の地名を使って何の前提というでしょう？,ハーベイロードの前提,4444444366
フローラダニカやブルーフルーテッドといった食器の名作で知られる、かつてのデンマーク王立の製陶所が母体となった陶磁器メーカーのブランド名は何でしょう？,ロイヤル・コペンハーゲン,444444444444
映像用語の「字幕スーパー」の「スーパー」とは、何という言葉を略したものでしょう？,スーパーインポーズ,444444444
富山平野や甲府盆地で見られるものが代表的な、河川により運ばれた砂礫が山地から平地に流れ出るところに堆積して作られる地形のことを一般に何というでしょう？,扇状地,666
ドイツのケルンで誕生したことからフランス語で「ケルンの水」を意味する名前で呼ばれ、香水よりも香りの持続時間が短い、アルコール水溶液の芳香品は何でしょう？,オーデコロン,444444
衣川の戦いで源義経を自害に追い込んだ、奥州藤原氏の最後の当主は誰でしょう？,藤原泰衡,6666
日本の法令において、軽自動車の排気量は四輪の場合、何cc以下と定められているでしょう？,660cc,00011
東京モスリン紡績亀戸工場を舞台に、劣悪な環境で働かされる女性労働者たちの悲惨な姿を描いた、1925年に刊行された細井和喜蔵のルポルタージュ作品は何でしょう？,女工哀史,6666
日本の国立国会図書館の本館は、原則満何歳以上が利用の要件とされているでしょう？,満18歳以上,600666
年齢が若いことを表す「弱冠」とは、出典元の『礼記』では何歳を指していた言葉でしょう？,20歳,006
天体が他の天体の周りを円や楕円の軌道で周期的に移動する運動のことを、漢字2文字の言葉で何というでしょう？,公転,66
サッカーのFIFAワールドカップで、第1回からすべての大会に出場している唯一の国はどこでしょう？,ブラジル,4444
「雲は湧き 光あふれて」という歌い出しで始まる、夏の全国高校野球選手権大会の大会歌としておなじみの曲は何でしょう？,栄冠は君に輝く,6636363
漫画制作の専門用語で、原稿の指定された箇所を黒く塗りつぶすことをカタカナ2文字で何というでしょう？,ベタ,44
ロシア語で「城塞」を意味する言葉にちなむ、ロシアの大統領府が置かれているモスクワの宮殿の通称は何でしょう？,クレムリン,44444
1953年に演出家の浅利慶太らによって結成された、『キャッツ』『ライオンキング』などのロングランミュージカル作品で有名な日本の劇団は何でしょう？,劇団四季,6666
江戸時代の蘭学者・平賀源内が復元したことで知られる、木箱の中のガラス筒を回転させ摩擦により静電気を発生させる機械を何というでしょう？,エレキテル,44444
1989年に女性として初めて国民栄誉賞を受賞した、『柔』『川の流れのように』などのヒット曲で知られる歌手は誰でしょう？,美空ひばり,66333
代表作に『神の左手悪魔の右手』『漂流教室』『まことちゃん』などがあり、日本のホラー漫画界の第一人者といわれる漫画家は誰でしょう？,楳図かずお,66333
日本国憲法第49条の規定に基づき、国会議員に支払われる毎年の給与のことを何というでしょう？,歳費,66
火の気のある灰の中へ水や湯をこぼした時に、灰が吹き上がる現象のことを漢字3文字の言葉で何というでしょう？,灰神楽,666
いわゆる日本標準時のことを、アルファベット3文字の略称で何というでしょう？,JST,222
野球のバントのうち、2ストライクを取られ、ファウルでも三振となる状態で行われるバントのことを和製英語で特に何というでしょう？,スリーバント,444444
ウサギ目に属する現生生物を2つの科に分類すると、ウサギ科と何科になるでしょう？,ナキウサギ科,444446
太宰治の小説『走れメロス』で、メロスが激怒した邪知暴虐の王の名前は何でしょう？,ディオニス,44444
1284年6月26日、130人の少年少女たちが笛吹き男に連れ去られたという伝説がある、ドイツ・ニーダーザクセン州の都市はどこでしょう？,ハーメルン,44444
中国語では「パオ」と呼ばれる、モンゴル高原の遊牧民が使用する移動式住居のことを、モンゴル語で一般に何と呼ぶでしょう？,ゲル,44
日本において端午の節句の日に風呂に入れる風習がある植物といえば何でしょう？,菖蒲,66
性的マイノリティーを指す「LGBT」が意味する4つの指向とは、レズビアン、ゲイ、バイセクシュアルとあと1つは何という言葉の頭文字でしょう？,トランスジェンダー,444444444
日本では特に競馬などの公営競技の、投票数に応じて変化する払戻金の倍率のことを指す、英語で「確率」を意味する言葉は何でしょう？,オッズ,444
日本の銀行で、北都銀行の本店は秋田県にありますが、南都銀行の本店はどこの都道府県にあるでしょう？,奈良県,666
朝鮮半島の軍事境界線上に位置し、2018年の韓国の文在寅大統領と北朝鮮の金正恩朝鮮労働党委員長との首脳会談など、南北間の政治的な会議が多く行われる地区を、韓国・朝鮮語読みで何というでしょう？,板門店,666
2017年に佐藤琢磨が日本人として初の優勝を果たしたことや、「世界三大レース」の1つに数えられることで知られる、毎年5月にアメリカで開催される自動車レースを、日本では一般に何と呼ぶでしょう？,インディ500,4444000
記号「dB」で表され、騒音のレベルを示す際などに用いられる、音の強さの単位は何でしょう？,デシベル,4444
茶室に付随し、茶事の準備をしたり、茶器を洗ったり収納したりするスペースのことを漢字2字で何というでしょう？,水屋,66
18世紀にイタリアで誕生した庶民的な喜劇オペラのことを、神話や伝説を題材とした正統派作品の「オペラ・セリア」に対してイタリア語で何というでしょう？,オペラ・ブッファ,44444444
スポーツライターのジョン・ロウが提唱した、野球で先発投手が6回以上を投げ自責点を3点以下に抑えた際に記録される、先発投手としての優秀さを評価する指標を何というでしょう？,クオリティスタート,444444444
自動車や電化製品に不具合が判明した際にメーカーが無料で商品を回収し修理する制度を、「呼び戻す」という意味の英語から何というでしょう？,リコール,4444
「日本で最も売れたシングルレコード」としてギネスブックにも登録されている、1975年に発売され450万枚以上のセールスを記録している子門真人のヒット曲は何でしょう？,およげ!たいやきくん,3335333333
1956年から日本経済新聞朝刊の文化面に掲載されている、著名人がこれまでの半生を振り返る内容のコラムのコーナーは何でしょう？,私の履歴書,63666
お笑いの業界用語で、同じボケを繰り返すことで笑いをとる手法を、ある料理の名を使って何というでしょう？,天丼,66
息子の龍平や翔太も俳優として活躍している、ドラマ『探偵物語』や映画『蘇える金狼』『家族ゲーム』などに主演し、1970年代から80年代にかけて一世を風靡した俳優は誰でしょう？,松田優作,6666
中学の国語の授業では「ね」を挟むことで見分けられると教えることが多い、日本語の文章を言葉が不自然にならない程度に区切った最小単位のことを何というでしょう？,文節,66
「お料理すること」と「食べること」が好きな双子の野ねずみの暮らしを描いた、中川李枝子・作、大村百合子・絵による絵本シリーズは何でしょう？,ぐりとぐら,33333
他人のクレジットカードやキャッシュカードの磁気記録から情報を不正に盗み取り悪用する犯罪のことを、「すくい取る」という意味の英語から何というでしょう？,スキミング,44444
バレーボール・Vリーグのレッドロケッツや、ラグビー・トップリーグのグリーンロケッツなどを保有する、日本の企業はどこでしょう？,NEC,222
ラテン語で「種をまく」という意味の言葉に由来する、特定の思想や宗教へ個人や集団を誘導する目的で行われる宣伝行為を総称して何というでしょう？,プロパガンダ,444444
小倉百人一首には出典元としては最多の24首が引用されている、醍醐天皇の命により紀貫之、紀友則らが選者となって編纂された、最初の勅撰和歌集は何でしょう？,古今和歌集,66666
中華料理のピータンを作るのに使われるのは、何の鳥の卵でしょう？,アヒル,444
落語家が高座に上がる際にかかる音楽のことを、ふつう何というでしょう？,出囃子,666
本名を嶋沢弘隆という、『サザエさん』の磯野波平役や『名探偵コナン』の目暮警部役で知られる大沢事務所所属の声優は誰でしょう？,茶風林,666
インドのカースト制度における4つのヴァルナのうちバラモンに次いで2番目に位置する、王族や貴族、武人などの階級のことを何というでしょう？,クシャトリヤ,444444
1972年に『成長の限界』と題した報告書を刊行し、資源枯渇や環境悪化により人類の成長が限界を迎えると提唱して世界に衝撃を与えたことで知られる、スイスに本部を置く民間の研究団体を一般に何というでしょう？,ローマクラブ,444444
1984年に上演した『村の力』で旗揚げした、放送作家の喰始が主宰し、柴田理恵、久本雅美らが所属する劇団は何でしょう？,ワハハ本舗,44466
第2次山本権兵衛内閣が総辞職する原因となった、1923年に皇太子裕仁親王が社会運動家の難波大助によって狙撃された事件を、これが発生した場所から何事件というでしょう？,虎ノ門事件,64666
お笑いの業界用語で、登場して最初に行うギャグのことを一般に何というでしょう？,つかみ,333
サッカーのブラジル代表のことを、そのユニフォームが黄色いことにちなんだ愛称で何軍団と呼ぶでしょう？,カナリア軍団,444466
サッカーで「マドリード・ダービー」と呼ばれる試合を戦う2クラブとは、レアル・マドリードと何・マドリードでしょう？,アトレティコ・マドリード,444444444444
ラグビーで、ボールを持った選手の周りを両方のチームの選手1人以上が密集して囲むプレーを何というでしょう？,モール,444
サッカーJリーグ1部・J1は全部で何チームからなるでしょう？,18チーム,00444
アトランタ、シドニー、アテネとオリンピック3大会連続で柔道男子60kg級を制し、日本人で初めて3大会連続で金メダルを獲得した柔道家は誰でしょう？,野村忠宏,6666
1951年に映画『善魔』でデビューし、作中での役名をそのまま芸名とした、主な出演作に『飢餓海峡』『釣りバカ日誌』シリーズなどがあり、俳優・佐藤浩市の父親としても知られる俳優は誰でしょう？,三國連太郎,66666
千葉和臣、中牟田俊男、武田鉄矢の3人からなる、『母に捧げるバラード』『贈る言葉』などのヒット曲で知られるフォークグループは何でしょう？,海援隊,666
999人の幽霊が住みつく洋館をドゥームバギーに乗って探検するという内容の、東京ディズニーランド内にあるライド型アトラクションは何でしょう？,ホーンテッドマンション,44444444444